Código_UF,Estado,UF,Código_IBGE,Município,Região
41,Paraná,PR,4119301,Pinhão,Sul
41,Paraná,PR,4119400,Piraí do Sul,Sul
41,Paraná,PR,4119509,Piraquara,Sul
41,Paraná,PR,4119608,Pitanga,Sul
41,Paraná,PR,4119657,Pitangueiras,Sul
41,Paraná,PR,4119707,Planaltina do Paraná,Sul
41,Paraná,PR,4119806,Planalto,Sul
41,Paraná,PR,4119905,Ponta Grossa,Sul
41,Paraná,PR,4119954,Pontal do Paraná,Sul
41,Paraná,PR,4120002,Porecatu,Sul
41,Paraná,PR,4120101,Porto Amazonas,Sul
41,Paraná,PR,4120150,Porto Barreiro,Sul
41,Paraná,PR,4120200,Porto Rico,Sul
41,Paraná,PR,4120309,Porto Vitória,Sul
41,Paraná,PR,4120333,Prado Ferreira,Sul
41,Paraná,PR,4120358,Pranchita,Sul
41,Paraná,PR,4120408,Presidente Castelo Branco,Sul
41,Paraná,PR,4120507,Primeiro de Maio,Sul
41,Paraná,PR,4120606,Prudentópolis,Sul
41,Paraná,PR,4120655,Quarto Centenário,Sul
41,Paraná,PR,4120705,Quatiguá,Sul
41,Paraná,PR,4120804,Quatro Barras,Sul
41,Paraná,PR,4120853,Quatro Pontes,Sul
41,Paraná,PR,4120903,Quedas do Iguaçu,Sul
41,Paraná,PR,4121000,Querência do Norte,Sul
41,Paraná,PR,4121109,Quinta do Sol,Sul
41,Paraná,PR,4121208,Quitandinha,Sul
41,Paraná,PR,4121257,Ramilândia,Sul
41,Paraná,PR,4121307,Rancho Alegre,Sul
41,Paraná,PR,4121356,Rancho Alegre D'Oeste,Sul
41,Paraná,PR,4121406,Realeza,Sul
41,Paraná,PR,4121505,Rebouças,Sul
41,Paraná,PR,4121604,Renascença,Sul
41,Paraná,PR,4121703,Reserva,Sul
41,Paraná,PR,4121752,Reserva do Iguaçu,Sul
41,Paraná,PR,4121802,Ribeirão Claro,Sul
41,Paraná,PR,4121901,Ribeirão do Pinhal,Sul
41,Paraná,PR,4122008,Rio Azul,Sul
41,Paraná,PR,4122107,Rio Bom,Sul
41,Paraná,PR,4122156,Rio Bonito do Iguaçu,Sul
41,Paraná,PR,4122172,Rio Branco do Ivaí,Sul
41,Paraná,PR,4122206,Rio Branco do Sul,Sul
41,Paraná,PR,4122305,Rio Negro,Sul
41,Paraná,PR,4122404,Rolândia,Sul
41,Paraná,PR,4122503,Roncador,Sul
41,Paraná,PR,4122602,Rondon,Sul
41,Paraná,PR,4122651,Rosário do Ivaí,Sul
41,Paraná,PR,4122701,Sabáudia,Sul
41,Paraná,PR,4122800,Salgado Filho,Sul
41,Paraná,PR,4122909,Salto do Itararé,Sul
41,Paraná,PR,4123006,Salto do Lontra,Sul
41,Paraná,PR,4123105,Santa Amélia,Sul
41,Paraná,PR,4123204,Santa Cecília do Pavão,Sul
41,Paraná,PR,4123303,Santa Cruz de Monte Castelo,Sul
41,Paraná,PR,4123402,Santa Fé,Sul
41,Paraná,PR,4123501,Santa Helena,Sul
41,Paraná,PR,4123600,Santa Inês,Sul
41,Paraná,PR,4123709,Santa Isabel do Ivaí,Sul
41,Paraná,PR,4123808,Santa Izabel do Oeste,Sul
41,Paraná,PR,4123824,Santa Lúcia,Sul
41,Paraná,PR,4123857,Santa Maria do Oeste,Sul
41,Paraná,PR,4123907,Santa Mariana,Sul
41,Paraná,PR,4123956,Santa Mônica,Sul
41,Paraná,PR,4124004,Santana do Itararé,Sul
41,Paraná,PR,4124020,Santa Tereza do Oeste,Sul
41,Paraná,PR,4124053,Santa Terezinha de Itaipu,Sul
41,Paraná,PR,4124103,Santo Antônio da Platina,Sul
41,Paraná,PR,4124202,Santo Antônio do Caiuá,Sul
41,Paraná,PR,4124301,Santo Antônio do Paraíso,Sul
41,Paraná,PR,4124400,Santo Antônio do Sudoeste,Sul
41,Paraná,PR,4124509,Santo Inácio,Sul
41,Paraná,PR,4124608,São Carlos do Ivaí,Sul
41,Paraná,PR,4124707,São Jerônimo da Serra,Sul
41,Paraná,PR,4124806,São João,Sul
41,Paraná,PR,4124905,São João do Caiuá,Sul
41,Paraná,PR,4125001,São João do Ivaí,Sul
41,Paraná,PR,4125100,São João do Triunfo,Sul
41,Paraná,PR,4125209,São Jorge d'Oeste,Sul
41,Paraná,PR,4125308,São Jorge do Ivaí,Sul
41,Paraná,PR,4125357,São Jorge do Patrocínio,Sul
41,Paraná,PR,4125407,São José da Boa Vista,Sul
41,Paraná,PR,4125456,São José das Palmeiras,Sul
41,Paraná,PR,4125506,São José dos Pinhais,Sul
41,Paraná,PR,4125555,São Manoel do Paraná,Sul
41,Paraná,PR,4125605,São Mateus do Sul,Sul
41,Paraná,PR,4125704,São Miguel do Iguaçu,Sul
41,Paraná,PR,4125753,São Pedro do Iguaçu,Sul
41,Paraná,PR,4125803,São Pedro do Ivaí,Sul
41,Paraná,PR,4125902,São Pedro do Paraná,Sul
41,Paraná,PR,4126009,São Sebastião da Amoreira,Sul
41,Paraná,PR,4126108,São Tomé,Sul
41,Paraná,PR,4126207,Sapopema,Sul
41,Paraná,PR,4126256,Sarandi,Sul
41,Paraná,PR,4126272,Saudade do Iguaçu,Sul
41,Paraná,PR,4126306,Sengés,Sul
41,Paraná,PR,4126355,Serranópolis do Iguaçu,Sul
41,Paraná,PR,4126405,Sertaneja,Sul
41,Paraná,PR,4126504,Sertanópolis,Sul
41,Paraná,PR,4126603,Siqueira Campos,Sul
41,Paraná,PR,4126652,Sulina,Sul
41,Paraná,PR,4126678,Tamarana,Sul
41,Paraná,PR,4126702,Tamboara,Sul
41,Paraná,PR,4126801,Tapejara,Sul
41,Paraná,PR,4126900,Tapira,Sul
41,Paraná,PR,4127007,Teixeira Soares,Sul
41,Paraná,PR,4127106,Telêmaco Borba,Sul
41,Paraná,PR,4127205,Terra Boa,Sul
41,Paraná,PR,4127304,Terra Rica,Sul
41,Paraná,PR,4127403,Terra Roxa,Sul
41,Paraná,PR,4127502,Tibagi,Sul
41,Paraná,PR,4127601,Tijucas do Sul,Sul
41,Paraná,PR,4127700,Toledo,Sul
41,Paraná,PR,4127809,Tomazina,Sul
41,Paraná,PR,4127858,Três Barras do Paraná,Sul
41,Paraná,PR,4127882,Tunas do Paraná,Sul
41,Paraná,PR,4127908,Tuneiras do Oeste,Sul
41,Paraná,PR,4127957,Tupãssi,Sul
41,Paraná,PR,4127965,Turvo,Sul
41,Paraná,PR,4128005,Ubiratã,Sul
41,Paraná,PR,4128104,Umuarama,Sul
41,Paraná,PR,4128203,União da Vitória,Sul
41,Paraná,PR,4128302,Uniflor,Sul
41,Paraná,PR,4128401,Uraí,Sul
41,Paraná,PR,4128500,Wenceslau Braz,Sul
41,Paraná,PR,4128534,Ventania,Sul
41,Paraná,PR,4128559,Vera Cruz do Oeste,Sul
41,Paraná,PR,4128609,Verê,Sul
41,Paraná,PR,4128625,Alto Paraíso,Sul
41,Paraná,PR,4128633,Doutor Ulysses,Sul
41,Paraná,PR,4128658,Virmond,Sul
41,Paraná,PR,4128708,Vitorino,Sul
41,Paraná,PR,4128807,Xambrê,Sul
42,Santa Catarina,SC,4200051,Abdon Batista,Sul
42,Santa Catarina,SC,4200101,Abelardo Luz,Sul
42,Santa Catarina,SC,4200200,Agrolândia,Sul
42,Santa Catarina,SC,4200309,Agronômica,Sul
42,Santa Catarina,SC,4200408,Água Doce,Sul
42,Santa Catarina,SC,4200507,Águas de Chapecó,Sul
42,Santa Catarina,SC,4200556,Águas Frias,Sul
42,Santa Catarina,SC,4200606,Águas Mornas,Sul
42,Santa Catarina,SC,4200705,Alfredo Wagner,Sul
42,Santa Catarina,SC,4200754,Alto Bela Vista,Sul
42,Santa Catarina,SC,4200804,Anchieta,Sul
42,Santa Catarina,SC,4200903,Angelina,Sul
42,Santa Catarina,SC,4201000,Anita Garibaldi,Sul
42,Santa Catarina,SC,4201109,Anitápolis,Sul
42,Santa Catarina,SC,4201208,Antônio Carlos,Sul
42,Santa Catarina,SC,4201257,Apiúna,Sul
42,Santa Catarina,SC,4201273,Arabutã,Sul
42,Santa Catarina,SC,4201307,Araquari,Sul
42,Santa Catarina,SC,4201406,Araranguá,Sul
42,Santa Catarina,SC,4201505,Armazém,Sul
42,Santa Catarina,SC,4201604,Arroio Trinta,Sul
42,Santa Catarina,SC,4201653,Arvoredo,Sul
42,Santa Catarina,SC,4201703,Ascurra,Sul
42,Santa Catarina,SC,4201802,Atalanta,Sul
42,Santa Catarina,SC,4201901,Aurora,Sul
42,Santa Catarina,SC,4201950,Balneário Arroio do Silva,Sul
42,Santa Catarina,SC,4202008,Balneário Camboriú,Sul
42,Santa Catarina,SC,4202057,Balneário Barra do Sul,Sul
42,Santa Catarina,SC,4202073,Balneário Gaivota,Sul
42,Santa Catarina,SC,4202081,Bandeirante,Sul
42,Santa Catarina,SC,4202099,Barra Bonita,Sul
42,Santa Catarina,SC,4202107,Barra Velha,Sul
42,Santa Catarina,SC,4202131,Bela Vista do Toldo,Sul
42,Santa Catarina,SC,4202156,Belmonte,Sul
42,Santa Catarina,SC,4202206,Benedito Novo,Sul
42,Santa Catarina,SC,4202305,Biguaçu,Sul
42,Santa Catarina,SC,4202404,Blumenau,Sul
42,Santa Catarina,SC,4202438,Bocaina do Sul,Sul
42,Santa Catarina,SC,4202453,Bombinhas,Sul
42,Santa Catarina,SC,4202503,Bom Jardim da Serra,Sul
42,Santa Catarina,SC,4202537,Bom Jesus,Sul
42,Santa Catarina,SC,4202578,Bom Jesus do Oeste,Sul
42,Santa Catarina,SC,4202602,Bom Retiro,Sul
42,Santa Catarina,SC,4202701,Botuverá,Sul
42,Santa Catarina,SC,4202800,Braço do Norte,Sul
42,Santa Catarina,SC,4202859,Braço do Trombudo,Sul
42,Santa Catarina,SC,4202875,Brunópolis,Sul
42,Santa Catarina,SC,4202909,Brusque,Sul
42,Santa Catarina,SC,4203006,Caçador,Sul
42,Santa Catarina,SC,4203105,Caibi,Sul
42,Santa Catarina,SC,4203154,Calmon,Sul
42,Santa Catarina,SC,4203204,Camboriú,Sul
42,Santa Catarina,SC,4203253,Capão Alto,Sul
42,Santa Catarina,SC,4203303,Campo Alegre,Sul
42,Santa Catarina,SC,4203402,Campo Belo do Sul,Sul
42,Santa Catarina,SC,4203501,Campo Erê,Sul
42,Santa Catarina,SC,4203600,Campos Novos,Sul
42,Santa Catarina,SC,4203709,Canelinha,Sul
42,Santa Catarina,SC,4203808,Canoinhas,Sul
42,Santa Catarina,SC,4203907,Capinzal,Sul
42,Santa Catarina,SC,4203956,Capivari de Baixo,Sul
42,Santa Catarina,SC,4204004,Catanduvas,Sul
42,Santa Catarina,SC,4204103,Caxambu do Sul,Sul
42,Santa Catarina,SC,4204152,Celso Ramos,Sul
42,Santa Catarina,SC,4204178,Cerro Negro,Sul
42,Santa Catarina,SC,4204194,Chapadão do Lageado,Sul
42,Santa Catarina,SC,4204202,Chapecó,Sul
42,Santa Catarina,SC,4204251,Cocal do Sul,Sul
42,Santa Catarina,SC,4204301,Concórdia,Sul
42,Santa Catarina,SC,4204350,Cordilheira Alta,Sul
42,Santa Catarina,SC,4204400,Coronel Freitas,Sul
42,Santa Catarina,SC,4204459,Coronel Martins,Sul
42,Santa Catarina,SC,4204509,Corupá,Sul
42,Santa Catarina,SC,4204558,Correia Pinto,Sul
42,Santa Catarina,SC,4204608,Criciúma,Sul
42,Santa Catarina,SC,4204707,Cunha Porã,Sul
42,Santa Catarina,SC,4204756,Cunhataí,Sul
42,Santa Catarina,SC,4204806,Curitibanos,Sul
42,Santa Catarina,SC,4204905,Descanso,Sul
42,Santa Catarina,SC,4205001,Dionísio Cerqueira,Sul
42,Santa Catarina,SC,4205100,Dona Emma,Sul
42,Santa Catarina,SC,4205159,Doutor Pedrinho,Sul
42,Santa Catarina,SC,4205175,Entre Rios,Sul
42,Santa Catarina,SC,4205191,Ermo,Sul
42,Santa Catarina,SC,4205209,Erval Velho,Sul
42,Santa Catarina,SC,4205308,Faxinal dos Guedes,Sul
42,Santa Catarina,SC,4205357,Flor do Sertão,Sul
42,Santa Catarina,SC,4205407,Florianópolis,Sul
42,Santa Catarina,SC,4205431,Formosa do Sul,Sul
42,Santa Catarina,SC,4205456,Forquilhinha,Sul
42,Santa Catarina,SC,4205506,Fraiburgo,Sul
42,Santa Catarina,SC,4205555,Frei Rogério,Sul
42,Santa Catarina,SC,4205605,Galvão,Sul
42,Santa Catarina,SC,4205704,Garopaba,Sul
42,Santa Catarina,SC,4205803,Garuva,Sul
42,Santa Catarina,SC,4205902,Gaspar,Sul
42,Santa Catarina,SC,4206009,Governador Celso Ramos,Sul
42,Santa Catarina,SC,4206108,Grão-Pará,Sul
42,Santa Catarina,SC,4206207,Gravatal,Sul
42,Santa Catarina,SC,4206306,Guabiruba,Sul
42,Santa Catarina,SC,4206405,Guaraciaba,Sul
42,Santa Catarina,SC,4206504,Guaramirim,Sul
42,Santa Catarina,SC,4206603,Guarujá do Sul,Sul
42,Santa Catarina,SC,4206652,Guatambú,Sul
42,Santa Catarina,SC,4206702,Herval d'Oeste,Sul
42,Santa Catarina,SC,4206751,Ibiam,Sul
42,Santa Catarina,SC,4206801,Ibicaré,Sul
42,Santa Catarina,SC,4206900,Ibirama,Sul
42,Santa Catarina,SC,4207007,Içara,Sul
42,Santa Catarina,SC,4207106,Ilhota,Sul
42,Santa Catarina,SC,4207205,Imaruí,Sul
42,Santa Catarina,SC,4207304,Imbituba,Sul
42,Santa Catarina,SC,4207403,Imbuia,Sul
42,Santa Catarina,SC,4207502,Indaial,Sul
42,Santa Catarina,SC,4207577,Iomerê,Sul
42,Santa Catarina,SC,4207601,Ipira,Sul
42,Santa Catarina,SC,4207650,Iporã do Oeste,Sul
42,Santa Catarina,SC,4207684,Ipuaçu,Sul
42,Santa Catarina,SC,4207700,Ipumirim,Sul
42,Santa Catarina,SC,4207759,Iraceminha,Sul
42,Santa Catarina,SC,4207809,Irani,Sul
42,Santa Catarina,SC,4207858,Irati,Sul
42,Santa Catarina,SC,4207908,Irineópolis,Sul
42,Santa Catarina,SC,4208005,Itá,Sul
42,Santa Catarina,SC,4208104,Itaiópolis,Sul
42,Santa Catarina,SC,4208203,Itajaí,Sul
42,Santa Catarina,SC,4208302,Itapema,Sul
42,Santa Catarina,SC,4208401,Itapiranga,Sul
42,Santa Catarina,SC,4208450,Itapoá,Sul
42,Santa Catarina,SC,4208500,Ituporanga,Sul
42,Santa Catarina,SC,4208609,Jaborá,Sul
42,Santa Catarina,SC,4208708,Jacinto Machado,Sul
42,Santa Catarina,SC,4208807,Jaguaruna,Sul
42,Santa Catarina,SC,4208906,Jaraguá do Sul,Sul
42,Santa Catarina,SC,4208955,Jardinópolis,Sul
42,Santa Catarina,SC,4209003,Joaçaba,Sul
42,Santa Catarina,SC,4209102,Joinville,Sul
42,Santa Catarina,SC,4209151,José Boiteux,Sul
42,Santa Catarina,SC,4209177,Jupiá,Sul
42,Santa Catarina,SC,4209201,Lacerdópolis,Sul
42,Santa Catarina,SC,4209300,Lages,Sul
42,Santa Catarina,SC,4209409,Laguna,Sul
42,Santa Catarina,SC,4209458,Lajeado Grande,Sul
42,Santa Catarina,SC,4209508,Laurentino,Sul
42,Santa Catarina,SC,4209607,Lauro Müller,Sul
42,Santa Catarina,SC,4209706,Lebon Régis,Sul
42,Santa Catarina,SC,4209805,Leoberto Leal,Sul
42,Santa Catarina,SC,4209854,Lindóia do Sul,Sul
42,Santa Catarina,SC,4209904,Lontras,Sul
42,Santa Catarina,SC,4210001,Luiz Alves,Sul
42,Santa Catarina,SC,4210035,Luzerna,Sul
42,Santa Catarina,SC,4210050,Macieira,Sul
42,Santa Catarina,SC,4210100,Mafra,Sul
42,Santa Catarina,SC,4210209,Major Gercino,Sul
42,Santa Catarina,SC,4210308,Major Vieira,Sul
42,Santa Catarina,SC,4210407,Maracajá,Sul
42,Santa Catarina,SC,4210506,Maravilha,Sul
42,Santa Catarina,SC,4210555,Marema,Sul
42,Santa Catarina,SC,4210605,Massaranduba,Sul
42,Santa Catarina,SC,4210704,Matos Costa,Sul
42,Santa Catarina,SC,4210803,Meleiro,Sul
42,Santa Catarina,SC,4210852,Mirim Doce,Sul
42,Santa Catarina,SC,4210902,Modelo,Sul
42,Santa Catarina,SC,4211009,Mondaí,Sul
42,Santa Catarina,SC,4211058,Monte Carlo,Sul
42,Santa Catarina,SC,4211108,Monte Castelo,Sul
42,Santa Catarina,SC,4211207,Morro da Fumaça,Sul
42,Santa Catarina,SC,4211256,Morro Grande,Sul
42,Santa Catarina,SC,4211306,Navegantes,Sul
42,Santa Catarina,SC,4211405,Nova Erechim,Sul
42,Santa Catarina,SC,4211454,Nova Itaberaba,Sul
42,Santa Catarina,SC,4211504,Nova Trento,Sul
42,Santa Catarina,SC,4211603,Nova Veneza,Sul
42,Santa Catarina,SC,4211652,Novo Horizonte,Sul
42,Santa Catarina,SC,4211702,Orleans,Sul
42,Santa Catarina,SC,4211751,Otacílio Costa,Sul
42,Santa Catarina,SC,4211801,Ouro,Sul
42,Santa Catarina,SC,4211850,Ouro Verde,Sul
42,Santa Catarina,SC,4211876,Paial,Sul
42,Santa Catarina,SC,4211892,Painel,Sul
42,Santa Catarina,SC,4211900,Palhoça,Sul
42,Santa Catarina,SC,4212007,Palma Sola,Sul
42,Santa Catarina,SC,4212056,Palmeira,Sul
42,Santa Catarina,SC,4212106,Palmitos,Sul
42,Santa Catarina,SC,4212205,Papanduva,Sul
42,Santa Catarina,SC,4212239,Paraíso,Sul
42,Santa Catarina,SC,4212254,Passo de Torres,Sul
42,Santa Catarina,SC,4212270,Passos Maia,Sul
42,Santa Catarina,SC,4212304,Paulo Lopes,Sul
42,Santa Catarina,SC,4212403,Pedras Grandes,Sul
42,Santa Catarina,SC,4212502,Penha,Sul
42,Santa Catarina,SC,4212601,Peritiba,Sul
42,Santa Catarina,SC,4212650,Pescaria Brava,Sul
42,Santa Catarina,SC,4212700,Petrolândia,Sul
42,Santa Catarina,SC,4212809,Balneário Piçarras,Sul
42,Santa Catarina,SC,4212908,Pinhalzinho,Sul
42,Santa Catarina,SC,4213005,Pinheiro Preto,Sul
42,Santa Catarina,SC,4213104,Piratuba,Sul
42,Santa Catarina,SC,4213153,Planalto Alegre,Sul
42,Santa Catarina,SC,4213203,Pomerode,Sul
42,Santa Catarina,SC,4213302,Ponte Alta,Sul
42,Santa Catarina,SC,4213351,Ponte Alta do Norte,Sul
42,Santa Catarina,SC,4213401,Ponte Serrada,Sul
42,Santa Catarina,SC,4213500,Porto Belo,Sul
42,Santa Catarina,SC,4213609,Porto União,Sul
42,Santa Catarina,SC,4213708,Pouso Redondo,Sul
42,Santa Catarina,SC,4213807,Praia Grande,Sul
42,Santa Catarina,SC,4213906,Presidente Castello Branco,Sul
42,Santa Catarina,SC,4214003,Presidente Getúlio,Sul
42,Santa Catarina,SC,4214102,Presidente Nereu,Sul
42,Santa Catarina,SC,4214151,Princesa,Sul
42,Santa Catarina,SC,4214201,Quilombo,Sul
42,Santa Catarina,SC,4214300,Rancho Queimado,Sul
42,Santa Catarina,SC,4214409,Rio das Antas,Sul
42,Santa Catarina,SC,4214508,Rio do Campo,Sul
42,Santa Catarina,SC,4214607,Rio do Oeste,Sul
42,Santa Catarina,SC,4214706,Rio dos Cedros,Sul
42,Santa Catarina,SC,4214805,Rio do Sul,Sul
42,Santa Catarina,SC,4214904,Rio Fortuna,Sul
42,Santa Catarina,SC,4215000,Rio Negrinho,Sul
42,Santa Catarina,SC,4215059,Rio Rufino,Sul
42,Santa Catarina,SC,4215075,Riqueza,Sul
42,Santa Catarina,SC,4215109,Rodeio,Sul
42,Santa Catarina,SC,4215208,Romelândia,Sul
42,Santa Catarina,SC,4215307,Salete,Sul
42,Santa Catarina,SC,4215356,Saltinho,Sul
42,Santa Catarina,SC,4215406,Salto Veloso,Sul
42,Santa Catarina,SC,4215455,Sangão,Sul
42,Santa Catarina,SC,4215505,Santa Cecília,Sul
42,Santa Catarina,SC,4215554,Santa Helena,Sul
42,Santa Catarina,SC,4215604,Santa Rosa de Lima,Sul
42,Santa Catarina,SC,4215653,Santa Rosa do Sul,Sul
42,Santa Catarina,SC,4215679,Santa Terezinha,Sul
42,Santa Catarina,SC,4215687,Santa Terezinha do Progresso,Sul
42,Santa Catarina,SC,4215695,Santiago do Sul,Sul
42,Santa Catarina,SC,4215703,Santo Amaro da Imperatriz,Sul
42,Santa Catarina,SC,4215752,São Bernardino,Sul
42,Santa Catarina,SC,4215802,São Bento do Sul,Sul
42,Santa Catarina,SC,4215901,São Bonifácio,Sul
42,Santa Catarina,SC,4216008,São Carlos,Sul
42,Santa Catarina,SC,4216057,São Cristóvão do Sul,Sul
42,Santa Catarina,SC,4216107,São Domingos,Sul
42,Santa Catarina,SC,4216206,São Francisco do Sul,Sul
42,Santa Catarina,SC,4216255,São João do Oeste,Sul
42,Santa Catarina,SC,4216305,São João Batista,Sul
42,Santa Catarina,SC,4216354,São João do Itaperiú,Sul
42,Santa Catarina,SC,4216404,São João do Sul,Sul
42,Santa Catarina,SC,4216503,São Joaquim,Sul
42,Santa Catarina,SC,4216602,São José,Sul
42,Santa Catarina,SC,4216701,São José do Cedro,Sul
42,Santa Catarina,SC,4216800,São José do Cerrito,Sul
42,Santa Catarina,SC,4216909,São Lourenço do Oeste,Sul
42,Santa Catarina,SC,4217006,São Ludgero,Sul
42,Santa Catarina,SC,4217105,São Martinho,Sul
42,Santa Catarina,SC,4217154,São Miguel da Boa Vista,Sul
42,Santa Catarina,SC,4217204,São Miguel do Oeste,Sul
42,Santa Catarina,SC,4217253,São Pedro de Alcântara,Sul
42,Santa Catarina,SC,4217303,Saudades,Sul
42,Santa Catarina,SC,4217402,Schroeder,Sul
42,Santa Catarina,SC,4217501,Seara,Sul
42,Santa Catarina,SC,4217550,Serra Alta,Sul
42,Santa Catarina,SC,4217600,Siderópolis,Sul
42,Santa Catarina,SC,4217709,Sombrio,Sul
42,Santa Catarina,SC,4217758,Sul Brasil,Sul
42,Santa Catarina,SC,4217808,Taió,Sul
42,Santa Catarina,SC,4217907,Tangará,Sul
42,Santa Catarina,SC,4217956,Tigrinhos,Sul
42,Santa Catarina,SC,4218004,Tijucas,Sul
42,Santa Catarina,SC,4218103,Timbé do Sul,Sul
42,Santa Catarina,SC,4218202,Timbó,Sul
42,Santa Catarina,SC,4218251,Timbó Grande,Sul
42,Santa Catarina,SC,4218301,Três Barras,Sul
42,Santa Catarina,SC,4218350,Treviso,Sul
42,Santa Catarina,SC,4218400,Treze de Maio,Sul
42,Santa Catarina,SC,4218509,Treze Tílias,Sul
42,Santa Catarina,SC,4218608,Trombudo Central,Sul
42,Santa Catarina,SC,4218707,Tubarão,Sul
42,Santa Catarina,SC,4218756,Tunápolis,Sul
42,Santa Catarina,SC,4218806,Turvo,Sul
42,Santa Catarina,SC,4218855,União do Oeste,Sul
42,Santa Catarina,SC,4218905,Urubici,Sul
42,Santa Catarina,SC,4218954,Urupema,Sul
42,Santa Catarina,SC,4219002,Urussanga,Sul
42,Santa Catarina,SC,4219101,Vargeão,Sul
42,Santa Catarina,SC,4219150,Vargem,Sul
42,Santa Catarina,SC,4219176,Vargem Bonita,Sul
42,Santa Catarina,SC,4219200,Vidal Ramos,Sul
42,Santa Catarina,SC,4219309,Videira,Sul
42,Santa Catarina,SC,4219358,Vitor Meireles,Sul
42,Santa Catarina,SC,4219408,Witmarsum,Sul
42,Santa Catarina,SC,4219507,Xanxerê,Sul
42,Santa Catarina,SC,4219606,Xavantina,Sul
42,Santa Catarina,SC,4219705,Xaxim,Sul
42,Santa Catarina,SC,4219853,Zortéa,Sul
42,Santa Catarina,SC,4220000,Balneário Rincão,Sul
43,Rio Grande do Sul,RS,4300001,Lagoa Mirim,Sul
43,Rio Grande do Sul,RS,4300002,Lagoa dos Patos,Sul
43,Rio Grande do Sul,RS,4300034,Aceguá,Sul
43,Rio Grande do Sul,RS,4300059,Água Santa,Sul
43,Rio Grande do Sul,RS,4300109,Agudo,Sul
43,Rio Grande do Sul,RS,4300208,Ajuricaba,Sul
43,Rio Grande do Sul,RS,4300307,Alecrim,Sul
43,Rio Grande do Sul,RS,4300406,Alegrete,Sul
43,Rio Grande do Sul,RS,4300455,Alegria,Sul
43,Rio Grande do Sul,RS,4300471,Almirante Tamandaré do Sul,Sul
43,Rio Grande do Sul,RS,4300505,Alpestre,Sul
43,Rio Grande do Sul,RS,4300554,Alto Alegre,Sul
43,Rio Grande do Sul,RS,4300570,Alto Feliz,Sul
43,Rio Grande do Sul,RS,4300604,Alvorada,Sul
43,Rio Grande do Sul,RS,4300638,Amaral Ferrador,Sul
43,Rio Grande do Sul,RS,4300646,Ametista do Sul,Sul
43,Rio Grande do Sul,RS,4300661,André da Rocha,Sul
43,Rio Grande do Sul,RS,4300703,Anta Gorda,Sul
43,Rio Grande do Sul,RS,4300802,Antônio Prado,Sul
43,Rio Grande do Sul,RS,4300851,Arambaré,Sul
43,Rio Grande do Sul,RS,4300877,Araricá,Sul
43,Rio Grande do Sul,RS,4300901,Aratiba,Sul
43,Rio Grande do Sul,RS,4301008,Arroio do Meio,Sul
43,Rio Grande do Sul,RS,4301057,Arroio do Sal,Sul
43,Rio Grande do Sul,RS,4301073,Arroio do Padre,Sul
43,Rio Grande do Sul,RS,4301107,Arroio dos Ratos,Sul
43,Rio Grande do Sul,RS,4301206,Arroio do Tigre,Sul
43,Rio Grande do Sul,RS,4301305,Arroio Grande,Sul
43,Rio Grande do Sul,RS,4301404,Arvorezinha,Sul
43,Rio Grande do Sul,RS,4301503,Augusto Pestana,Sul
43,Rio Grande do Sul,RS,4301552,Áurea,Sul
43,Rio Grande do Sul,RS,4301602,Bagé,Sul
43,Rio Grande do Sul,RS,4301636,Balneário Pinhal,Sul
43,Rio Grande do Sul,RS,4301651,Barão,Sul
43,Rio Grande do Sul,RS,4301701,Barão de Cotegipe,Sul
43,Rio Grande do Sul,RS,4301750,Barão do Triunfo,Sul
43,Rio Grande do Sul,RS,4301800,Barracão,Sul
43,Rio Grande do Sul,RS,4301859,Barra do Guarita,Sul
43,Rio Grande do Sul,RS,4301875,Barra do Quaraí,Sul
43,Rio Grande do Sul,RS,4301909,Barra do Ribeiro,Sul
43,Rio Grande do Sul,RS,4301925,Barra do Rio Azul,Sul
43,Rio Grande do Sul,RS,4301958,Barra Funda,Sul
43,Rio Grande do Sul,RS,4302006,Barros Cassal,Sul
43,Rio Grande do Sul,RS,4302055,Benjamin Constant do Sul,Sul
43,Rio Grande do Sul,RS,4302105,Bento Gonçalves,Sul
43,Rio Grande do Sul,RS,4302154,Boa Vista das Missões,Sul
43,Rio Grande do Sul,RS,4302204,Boa Vista do Buricá,Sul
43,Rio Grande do Sul,RS,4302220,Boa Vista do Cadeado,Sul
43,Rio Grande do Sul,RS,4302238,Boa Vista do Incra,Sul
43,Rio Grande do Sul,RS,4302253,Boa Vista do Sul,Sul
43,Rio Grande do Sul,RS,4302303,Bom Jesus,Sul
43,Rio Grande do Sul,RS,4302352,Bom Princípio,Sul
43,Rio Grande do Sul,RS,4302378,Bom Progresso,Sul
43,Rio Grande do Sul,RS,4302402,Bom Retiro do Sul,Sul
43,Rio Grande do Sul,RS,4302451,Boqueirão do Leão,Sul
43,Rio Grande do Sul,RS,4302501,Bossoroca,Sul
43,Rio Grande do Sul,RS,4302584,Bozano,Sul
43,Rio Grande do Sul,RS,4302600,Braga,Sul
43,Rio Grande do Sul,RS,4302659,Brochier,Sul
43,Rio Grande do Sul,RS,4302709,Butiá,Sul
43,Rio Grande do Sul,RS,4302808,Caçapava do Sul,Sul
43,Rio Grande do Sul,RS,4302907,Cacequi,Sul
43,Rio Grande do Sul,RS,4303004,Cachoeira do Sul,Sul
43,Rio Grande do Sul,RS,4303103,Cachoeirinha,Sul
43,Rio Grande do Sul,RS,4303202,Cacique Doble,Sul
43,Rio Grande do Sul,RS,4303301,Caibaté,Sul
43,Rio Grande do Sul,RS,4303400,Caiçara,Sul
43,Rio Grande do Sul,RS,4303509,Camaquã,Sul
43,Rio Grande do Sul,RS,4303558,Camargo,Sul
43,Rio Grande do Sul,RS,4303608,Cambará do Sul,Sul
43,Rio Grande do Sul,RS,4303673,Campestre da Serra,Sul
43,Rio Grande do Sul,RS,4303707,Campina das Missões,Sul
43,Rio Grande do Sul,RS,4303806,Campinas do Sul,Sul
43,Rio Grande do Sul,RS,4303905,Campo Bom,Sul
43,Rio Grande do Sul,RS,4304002,Campo Novo,Sul
43,Rio Grande do Sul,RS,4304101,Campos Borges,Sul
43,Rio Grande do Sul,RS,4304200,Candelária,Sul
43,Rio Grande do Sul,RS,4304309,Cândido Godói,Sul
43,Rio Grande do Sul,RS,4304358,Candiota,Sul
43,Rio Grande do Sul,RS,4304408,Canela,Sul
43,Rio Grande do Sul,RS,4304507,Canguçu,Sul
43,Rio Grande do Sul,RS,4304606,Canoas,Sul
43,Rio Grande do Sul,RS,4304614,Canudos do Vale,Sul
43,Rio Grande do Sul,RS,4304622,Capão Bonito do Sul,Sul
43,Rio Grande do Sul,RS,4304630,Capão da Canoa,Sul
43,Rio Grande do Sul,RS,4304655,Capão do Cipó,Sul
43,Rio Grande do Sul,RS,4304663,Capão do Leão,Sul
43,Rio Grande do Sul,RS,4304671,Capivari do Sul,Sul
43,Rio Grande do Sul,RS,4304689,Capela de Santana,Sul
43,Rio Grande do Sul,RS,4304697,Capitão,Sul
43,Rio Grande do Sul,RS,4304705,Carazinho,Sul
43,Rio Grande do Sul,RS,4304713,Caraá,Sul
43,Rio Grande do Sul,RS,4304804,Carlos Barbosa,Sul
43,Rio Grande do Sul,RS,4304853,Carlos Gomes,Sul
43,Rio Grande do Sul,RS,4304903,Casca,Sul
43,Rio Grande do Sul,RS,4304952,Caseiros,Sul
43,Rio Grande do Sul,RS,4305009,Catuípe,Sul
43,Rio Grande do Sul,RS,4305108,Caxias do Sul,Sul
43,Rio Grande do Sul,RS,4305116,Centenário,Sul
43,Rio Grande do Sul,RS,4305124,Cerrito,Sul
43,Rio Grande do Sul,RS,4305132,Cerro Branco,Sul
43,Rio Grande do Sul,RS,4305157,Cerro Grande,Sul
43,Rio Grande do Sul,RS,4305173,Cerro Grande do Sul,Sul
43,Rio Grande do Sul,RS,4305207,Cerro Largo,Sul
43,Rio Grande do Sul,RS,4305306,Chapada,Sul
43,Rio Grande do Sul,RS,4305355,Charqueadas,Sul
43,Rio Grande do Sul,RS,4305371,Charrua,Sul
43,Rio Grande do Sul,RS,4305405,Chiapetta,Sul
43,Rio Grande do Sul,RS,4305439,Chuí,Sul
43,Rio Grande do Sul,RS,4305447,Chuvisca,Sul
43,Rio Grande do Sul,RS,4305454,Cidreira,Sul
43,Rio Grande do Sul,RS,4305504,Ciríaco,Sul
43,Rio Grande do Sul,RS,4305587,Colinas,Sul
43,Rio Grande do Sul,RS,4305603,Colorado,Sul
43,Rio Grande do Sul,RS,4305702,Condor,Sul
43,Rio Grande do Sul,RS,4305801,Constantina,Sul
43,Rio Grande do Sul,RS,4305835,Coqueiro Baixo,Sul
43,Rio Grande do Sul,RS,4305850,Coqueiros do Sul,Sul
43,Rio Grande do Sul,RS,4305871,Coronel Barros,Sul
43,Rio Grande do Sul,RS,4305900,Coronel Bicaco,Sul
43,Rio Grande do Sul,RS,4305934,Coronel Pilar,Sul
43,Rio Grande do Sul,RS,4305959,Cotiporã,Sul
43,Rio Grande do Sul,RS,4305975,Coxilha,Sul
43,Rio Grande do Sul,RS,4306007,Crissiumal,Sul
43,Rio Grande do Sul,RS,4306056,Cristal,Sul
43,Rio Grande do Sul,RS,4306072,Cristal do Sul,Sul
43,Rio Grande do Sul,RS,4306106,Cruz Alta,Sul
43,Rio Grande do Sul,RS,4306130,Cruzaltense,Sul
43,Rio Grande do Sul,RS,4306205,Cruzeiro do Sul,Sul
43,Rio Grande do Sul,RS,4306304,David Canabarro,Sul
43,Rio Grande do Sul,RS,4306320,Derrubadas,Sul
43,Rio Grande do Sul,RS,4306353,Dezesseis de Novembro,Sul
43,Rio Grande do Sul,RS,4306379,Dilermando de Aguiar,Sul
43,Rio Grande do Sul,RS,4306403,Dois Irmãos,Sul
43,Rio Grande do Sul,RS,4306429,Dois Irmãos das Missões,Sul
43,Rio Grande do Sul,RS,4306452,Dois Lajeados,Sul
43,Rio Grande do Sul,RS,4306502,Dom Feliciano,Sul
43,Rio Grande do Sul,RS,4306551,Dom Pedro de Alcântara,Sul
43,Rio Grande do Sul,RS,4306601,Dom Pedrito,Sul
43,Rio Grande do Sul,RS,4306700,Dona Francisca,Sul
43,Rio Grande do Sul,RS,4306734,Doutor Maurício Cardoso,Sul
43,Rio Grande do Sul,RS,4306759,Doutor Ricardo,Sul
43,Rio Grande do Sul,RS,4306767,Eldorado do Sul,Sul
43,Rio Grande do Sul,RS,4306809,Encantado,Sul
43,Rio Grande do Sul,RS,4306908,Encruzilhada do Sul,Sul
43,Rio Grande do Sul,RS,4306924,Engenho Velho,Sul
43,Rio Grande do Sul,RS,4306932,Entre-Ijuís,Sul
43,Rio Grande do Sul,RS,4306957,Entre Rios do Sul,Sul
43,Rio Grande do Sul,RS,4306973,Erebango,Sul
43,Rio Grande do Sul,RS,4307005,Erechim,Sul
43,Rio Grande do Sul,RS,4307054,Ernestina,Sul
43,Rio Grande do Sul,RS,4307104,Herval,Sul
43,Rio Grande do Sul,RS,4307203,Erval Grande,Sul
43,Rio Grande do Sul,RS,4307302,Erval Seco,Sul
43,Rio Grande do Sul,RS,4307401,Esmeralda,Sul
43,Rio Grande do Sul,RS,4307450,Esperança do Sul,Sul
43,Rio Grande do Sul,RS,4307500,Espumoso,Sul
43,Rio Grande do Sul,RS,4307559,Estação,Sul
43,Rio Grande do Sul,RS,4307609,Estância Velha,Sul
43,Rio Grande do Sul,RS,4307708,Esteio,Sul
43,Rio Grande do Sul,RS,4307807,Estrela,Sul
43,Rio Grande do Sul,RS,4307815,Estrela Velha,Sul
43,Rio Grande do Sul,RS,4307831,Eugênio de Castro,Sul
43,Rio Grande do Sul,RS,4307864,Fagundes Varela,Sul
43,Rio Grande do Sul,RS,4307906,Farroupilha,Sul
43,Rio Grande do Sul,RS,4308003,Faxinal do Soturno,Sul
43,Rio Grande do Sul,RS,4308052,Faxinalzinho,Sul
43,Rio Grande do Sul,RS,4308078,Fazenda Vilanova,Sul
43,Rio Grande do Sul,RS,4308102,Feliz,Sul
43,Rio Grande do Sul,RS,4308201,Flores da Cunha,Sul
43,Rio Grande do Sul,RS,4308250,Floriano Peixoto,Sul
43,Rio Grande do Sul,RS,4308300,Fontoura Xavier,Sul
43,Rio Grande do Sul,RS,4308409,Formigueiro,Sul
43,Rio Grande do Sul,RS,4308433,Forquetinha,Sul
43,Rio Grande do Sul,RS,4308458,Fortaleza dos Valos,Sul
43,Rio Grande do Sul,RS,4308508,Frederico Westphalen,Sul
43,Rio Grande do Sul,RS,4308607,Garibaldi,Sul
43,Rio Grande do Sul,RS,4308656,Garruchos,Sul
43,Rio Grande do Sul,RS,4308706,Gaurama,Sul
43,Rio Grande do Sul,RS,4308805,General Câmara,Sul
43,Rio Grande do Sul,RS,4308854,Gentil,Sul
43,Rio Grande do Sul,RS,4308904,Getúlio Vargas,Sul
43,Rio Grande do Sul,RS,4309001,Giruá,Sul
43,Rio Grande do Sul,RS,4309050,Glorinha,Sul
43,Rio Grande do Sul,RS,4309100,Gramado,Sul
43,Rio Grande do Sul,RS,4309126,Gramado dos Loureiros,Sul
43,Rio Grande do Sul,RS,4309159,Gramado Xavier,Sul
43,Rio Grande do Sul,RS,4309209,Gravataí,Sul
43,Rio Grande do Sul,RS,4309258,Guabiju,Sul
43,Rio Grande do Sul,RS,4309308,Guaíba,Sul
43,Rio Grande do Sul,RS,4309407,Guaporé,Sul
43,Rio Grande do Sul,RS,4309506,Guarani das Missões,Sul
43,Rio Grande do Sul,RS,4309555,Harmonia,Sul
43,Rio Grande do Sul,RS,4309571,Herveiras,Sul
43,Rio Grande do Sul,RS,4309605,Horizontina,Sul
43,Rio Grande do Sul,RS,4309654,Hulha Negra,Sul
43,Rio Grande do Sul,RS,4309704,Humaitá,Sul
43,Rio Grande do Sul,RS,4309753,Ibarama,Sul
43,Rio Grande do Sul,RS,4309803,Ibiaçá,Sul
43,Rio Grande do Sul,RS,4309902,Ibiraiaras,Sul
43,Rio Grande do Sul,RS,4309951,Ibirapuitã,Sul
43,Rio Grande do Sul,RS,4310009,Ibirubá,Sul
43,Rio Grande do Sul,RS,4310108,Igrejinha,Sul
43,Rio Grande do Sul,RS,4310207,Ijuí,Sul
43,Rio Grande do Sul,RS,4310306,Ilópolis,Sul
43,Rio Grande do Sul,RS,4310330,Imbé,Sul
43,Rio Grande do Sul,RS,4310363,Imigrante,Sul
43,Rio Grande do Sul,RS,4310405,Independência,Sul
43,Rio Grande do Sul,RS,4310413,Inhacorá,Sul
43,Rio Grande do Sul,RS,4310439,Ipê,Sul
43,Rio Grande do Sul,RS,4310462,Ipiranga do Sul,Sul
43,Rio Grande do Sul,RS,4310504,Iraí,Sul
43,Rio Grande do Sul,RS,4310538,Itaara,Sul
43,Rio Grande do Sul,RS,4310553,Itacurubi,Sul
43,Rio Grande do Sul,RS,4310579,Itapuca,Sul
43,Rio Grande do Sul,RS,4310603,Itaqui,Sul
43,Rio Grande do Sul,RS,4310652,Itati,Sul
43,Rio Grande do Sul,RS,4310702,Itatiba do Sul,Sul
43,Rio Grande do Sul,RS,4310751,Ivorá,Sul
43,Rio Grande do Sul,RS,4310801,Ivoti,Sul
43,Rio Grande do Sul,RS,4310850,Jaboticaba,Sul
43,Rio Grande do Sul,RS,4310876,Jacuizinho,Sul
43,Rio Grande do Sul,RS,4310900,Jacutinga,Sul
43,Rio Grande do Sul,RS,4311007,Jaguarão,Sul
43,Rio Grande do Sul,RS,4311106,Jaguari,Sul
43,Rio Grande do Sul,RS,4311122,Jaquirana,Sul
43,Rio Grande do Sul,RS,4311130,Jari,Sul
43,Rio Grande do Sul,RS,4311155,Jóia,Sul
43,Rio Grande do Sul,RS,4311205,Júlio de Castilhos,Sul
43,Rio Grande do Sul,RS,4311239,Lagoa Bonita do Sul,Sul
43,Rio Grande do Sul,RS,4311254,Lagoão,Sul
43,Rio Grande do Sul,RS,4311270,Lagoa dos Três Cantos,Sul
43,Rio Grande do Sul,RS,4311304,Lagoa Vermelha,Sul
43,Rio Grande do Sul,RS,4311403,Lajeado,Sul
43,Rio Grande do Sul,RS,4311429,Lajeado do Bugre,Sul
43,Rio Grande do Sul,RS,4311502,Lavras do Sul,Sul
43,Rio Grande do Sul,RS,4311601,Liberato Salzano,Sul
43,Rio Grande do Sul,RS,4311627,Lindolfo Collor,Sul
43,Rio Grande do Sul,RS,4311643,Linha Nova,Sul
43,Rio Grande do Sul,RS,4311700,Machadinho,Sul
43,Rio Grande do Sul,RS,4311718,Maçambará,Sul
43,Rio Grande do Sul,RS,4311734,Mampituba,Sul
43,Rio Grande do Sul,RS,4311759,Manoel Viana,Sul
43,Rio Grande do Sul,RS,4311775,Maquiné,Sul
43,Rio Grande do Sul,RS,4311791,Maratá,Sul
43,Rio Grande do Sul,RS,4311809,Marau,Sul
43,Rio Grande do Sul,RS,4311908,Marcelino Ramos,Sul
43,Rio Grande do Sul,RS,4311981,Mariana Pimentel,Sul
43,Rio Grande do Sul,RS,4312005,Mariano Moro,Sul
43,Rio Grande do Sul,RS,4312054,Marques de Souza,Sul
43,Rio Grande do Sul,RS,4312104,Mata,Sul
43,Rio Grande do Sul,RS,4312138,Mato Castelhano,Sul
43,Rio Grande do Sul,RS,4312153,Mato Leitão,Sul
43,Rio Grande do Sul,RS,4312179,Mato Queimado,Sul
43,Rio Grande do Sul,RS,4312203,Maximiliano de Almeida,Sul
43,Rio Grande do Sul,RS,4312252,Minas do Leão,Sul
43,Rio Grande do Sul,RS,4312302,Miraguaí,Sul
43,Rio Grande do Sul,RS,4312351,Montauri,Sul
43,Rio Grande do Sul,RS,4312377,Monte Alegre dos Campos,Sul
43,Rio Grande do Sul,RS,4312385,Monte Belo do Sul,Sul
43,Rio Grande do Sul,RS,4312401,Montenegro,Sul
43,Rio Grande do Sul,RS,4312427,Mormaço,Sul
43,Rio Grande do Sul,RS,4312443,Morrinhos do Sul,Sul
43,Rio Grande do Sul,RS,4312450,Morro Redondo,Sul
43,Rio Grande do Sul,RS,4312476,Morro Reuter,Sul
43,Rio Grande do Sul,RS,4312500,Mostardas,Sul
43,Rio Grande do Sul,RS,4312609,Muçum,Sul
43,Rio Grande do Sul,RS,4312617,Muitos Capões,Sul
43,Rio Grande do Sul,RS,4312625,Muliterno,Sul
43,Rio Grande do Sul,RS,4312658,Não-Me-Toque,Sul
43,Rio Grande do Sul,RS,4312674,Nicolau Vergueiro,Sul
43,Rio Grande do Sul,RS,4312708,Nonoai,Sul
43,Rio Grande do Sul,RS,4312757,Nova Alvorada,Sul
43,Rio Grande do Sul,RS,4312807,Nova Araçá,Sul
43,Rio Grande do Sul,RS,4312906,Nova Bassano,Sul
43,Rio Grande do Sul,RS,4312955,Nova Boa Vista,Sul
43,Rio Grande do Sul,RS,4313003,Nova Bréscia,Sul
43,Rio Grande do Sul,RS,4313011,Nova Candelária,Sul
43,Rio Grande do Sul,RS,4313037,Nova Esperança do Sul,Sul
43,Rio Grande do Sul,RS,4313060,Nova Hartz,Sul
43,Rio Grande do Sul,RS,4313086,Nova Pádua,Sul
43,Rio Grande do Sul,RS,4313102,Nova Palma,Sul
43,Rio Grande do Sul,RS,4313201,Nova Petrópolis,Sul
43,Rio Grande do Sul,RS,4313300,Nova Prata,Sul
43,Rio Grande do Sul,RS,4313334,Nova Ramada,Sul
43,Rio Grande do Sul,RS,4313359,Nova Roma do Sul,Sul
43,Rio Grande do Sul,RS,4313375,Nova Santa Rita,Sul
43,Rio Grande do Sul,RS,4313391,Novo Cabrais,Sul
43,Rio Grande do Sul,RS,4313409,Novo Hamburgo,Sul
43,Rio Grande do Sul,RS,4313425,Novo Machado,Sul
43,Rio Grande do Sul,RS,4313441,Novo Tiradentes,Sul
43,Rio Grande do Sul,RS,4313466,Novo Xingu,Sul
43,Rio Grande do Sul,RS,4313490,Novo Barreiro,Sul
43,Rio Grande do Sul,RS,4313508,Osório,Sul
43,Rio Grande do Sul,RS,4313607,Paim Filho,Sul
43,Rio Grande do Sul,RS,4313656,Palmares do Sul,Sul
43,Rio Grande do Sul,RS,4313706,Palmeira das Missões,Sul
43,Rio Grande do Sul,RS,4313805,Palmitinho,Sul
43,Rio Grande do Sul,RS,4313904,Panambi,Sul
43,Rio Grande do Sul,RS,4313953,Pantano Grande,Sul
43,Rio Grande do Sul,RS,4314001,Paraí,Sul
43,Rio Grande do Sul,RS,4314027,Paraíso do Sul,Sul
43,Rio Grande do Sul,RS,4314035,Pareci Novo,Sul
43,Rio Grande do Sul,RS,4314050,Parobé,Sul
43,Rio Grande do Sul,RS,4314068,Passa Sete,Sul
43,Rio Grande do Sul,RS,4314076,Passo do Sobrado,Sul
43,Rio Grande do Sul,RS,4314100,Passo Fundo,Sul
43,Rio Grande do Sul,RS,4314134,Paulo Bento,Sul
43,Rio Grande do Sul,RS,4314159,Paverama,Sul
43,Rio Grande do Sul,RS,4314175,Pedras Altas,Sul
43,Rio Grande do Sul,RS,4314209,Pedro Osório,Sul
43,Rio Grande do Sul,RS,4314308,Pejuçara,Sul
43,Rio Grande do Sul,RS,4314407,Pelotas,Sul
43,Rio Grande do Sul,RS,4314423,Picada Café,Sul
43,Rio Grande do Sul,RS,4314456,Pinhal,Sul
43,Rio Grande do Sul,RS,4314464,Pinhal da Serra,Sul
43,Rio Grande do Sul,RS,4314472,Pinhal Grande,Sul
43,Rio Grande do Sul,RS,4314498,Pinheirinho do Vale,Sul
43,Rio Grande do Sul,RS,4314506,Pinheiro Machado,Sul
43,Rio Grande do Sul,RS,4314548,Pinto Bandeira,Sul
43,Rio Grande do Sul,RS,4314555,Pirapó,Sul
43,Rio Grande do Sul,RS,4314605,Piratini,Sul
43,Rio Grande do Sul,RS,4314704,Planalto,Sul
43,Rio Grande do Sul,RS,4314753,Poço das Antas,Sul
43,Rio Grande do Sul,RS,4314779,Pontão,Sul
43,Rio Grande do Sul,RS,4314787,Ponte Preta,Sul
43,Rio Grande do Sul,RS,4314803,Portão,Sul
43,Rio Grande do Sul,RS,4314902,Porto Alegre,Sul
43,Rio Grande do Sul,RS,4315008,Porto Lucena,Sul
43,Rio Grande do Sul,RS,4315057,Porto Mauá,Sul
43,Rio Grande do Sul,RS,4315073,Porto Vera Cruz,Sul
43,Rio Grande do Sul,RS,4315107,Porto Xavier,Sul
43,Rio Grande do Sul,RS,4315131,Pouso Novo,Sul
43,Rio Grande do Sul,RS,4315149,Presidente Lucena,Sul
43,Rio Grande do Sul,RS,4315156,Progresso,Sul
43,Rio Grande do Sul,RS,4315172,Protásio Alves,Sul
43,Rio Grande do Sul,RS,4315206,Putinga,Sul
43,Rio Grande do Sul,RS,4315305,Quaraí,Sul
43,Rio Grande do Sul,RS,4315313,Quatro Irmãos,Sul
43,Rio Grande do Sul,RS,4315321,Quevedos,Sul
43,Rio Grande do Sul,RS,4315354,Quinze de Novembro,Sul
43,Rio Grande do Sul,RS,4315404,Redentora,Sul
43,Rio Grande do Sul,RS,4315453,Relvado,Sul
43,Rio Grande do Sul,RS,4315503,Restinga Sêca,Sul
43,Rio Grande do Sul,RS,4315552,Rio dos Índios,Sul
43,Rio Grande do Sul,RS,4315602,Rio Grande,Sul
43,Rio Grande do Sul,RS,4315701,Rio Pardo,Sul
43,Rio Grande do Sul,RS,4315750,Riozinho,Sul
43,Rio Grande do Sul,RS,4315800,Roca Sales,Sul
43,Rio Grande do Sul,RS,4315909,Rodeio Bonito,Sul
43,Rio Grande do Sul,RS,4315958,Rolador,Sul
43,Rio Grande do Sul,RS,4316006,Rolante,Sul
43,Rio Grande do Sul,RS,4316105,Ronda Alta,Sul
43,Rio Grande do Sul,RS,4316204,Rondinha,Sul
43,Rio Grande do Sul,RS,4316303,Roque Gonzales,Sul
43,Rio Grande do Sul,RS,4316402,Rosário do Sul,Sul
43,Rio Grande do Sul,RS,4316428,Sagrada Família,Sul
43,Rio Grande do Sul,RS,4316436,Saldanha Marinho,Sul
43,Rio Grande do Sul,RS,4316451,Salto do Jacuí,Sul
43,Rio Grande do Sul,RS,4316477,Salvador das Missões,Sul
43,Rio Grande do Sul,RS,4316501,Salvador do Sul,Sul
43,Rio Grande do Sul,RS,4316600,Sananduva,Sul
43,Rio Grande do Sul,RS,4316709,Santa Bárbara do Sul,Sul
43,Rio Grande do Sul,RS,4316733,Santa Cecília do Sul,Sul
43,Rio Grande do Sul,RS,4316758,Santa Clara do Sul,Sul
43,Rio Grande do Sul,RS,4316808,Santa Cruz do Sul,Sul
43,Rio Grande do Sul,RS,4316907,Santa Maria,Sul
43,Rio Grande do Sul,RS,4316956,Santa Maria do Herval,Sul
43,Rio Grande do Sul,RS,4316972,Santa Margarida do Sul,Sul
43,Rio Grande do Sul,RS,4317004,Santana da Boa Vista,Sul
43,Rio Grande do Sul,RS,4317103,Sant'Ana do Livramento,Sul
43,Rio Grande do Sul,RS,4317202,Santa Rosa,Sul
43,Rio Grande do Sul,RS,4317251,Santa Tereza,Sul
43,Rio Grande do Sul,RS,4317301,Santa Vitória do Palmar,Sul
43,Rio Grande do Sul,RS,4317400,Santiago,Sul
43,Rio Grande do Sul,RS,4317509,Santo Ângelo,Sul
43,Rio Grande do Sul,RS,4317558,Santo Antônio do Palma,Sul
43,Rio Grande do Sul,RS,4317608,Santo Antônio da Patrulha,Sul
43,Rio Grande do Sul,RS,4317707,Santo Antônio das Missões,Sul
43,Rio Grande do Sul,RS,4317756,Santo Antônio do Planalto,Sul
43,Rio Grande do Sul,RS,4317806,Santo Augusto,Sul
43,Rio Grande do Sul,RS,4317905,Santo Cristo,Sul
43,Rio Grande do Sul,RS,4317954,Santo Expedito do Sul,Sul
43,Rio Grande do Sul,RS,4318002,São Borja,Sul
43,Rio Grande do Sul,RS,4318051,São Domingos do Sul,Sul
43,Rio Grande do Sul,RS,4318101,São Francisco de Assis,Sul
43,Rio Grande do Sul,RS,4318200,São Francisco de Paula,Sul
43,Rio Grande do Sul,RS,4318309,São Gabriel,Sul
43,Rio Grande do Sul,RS,4318408,São Jerônimo,Sul
43,Rio Grande do Sul,RS,4318424,São João da Urtiga,Sul
43,Rio Grande do Sul,RS,4318432,São João do Polêsine,Sul
43,Rio Grande do Sul,RS,4318440,São Jorge,Sul
43,Rio Grande do Sul,RS,4318457,São José das Missões,Sul
43,Rio Grande do Sul,RS,4318465,São José do Herval,Sul
43,Rio Grande do Sul,RS,4318481,São José do Hortêncio,Sul
43,Rio Grande do Sul,RS,4318499,São José do Inhacorá,Sul
43,Rio Grande do Sul,RS,4318507,São José do Norte,Sul
43,Rio Grande do Sul,RS,4318606,São José do Ouro,Sul
43,Rio Grande do Sul,RS,4318614,São José do Sul,Sul
43,Rio Grande do Sul,RS,4318622,São José dos Ausentes,Sul
43,Rio Grande do Sul,RS,4318705,São Leopoldo,Sul
43,Rio Grande do Sul,RS,4318804,São Lourenço do Sul,Sul
43,Rio Grande do Sul,RS,4318903,São Luiz Gonzaga,Sul
43,Rio Grande do Sul,RS,4319000,São Marcos,Sul
43,Rio Grande do Sul,RS,4319109,São Martinho,Sul
43,Rio Grande do Sul,RS,4319125,São Martinho da Serra,Sul
43,Rio Grande do Sul,RS,4319158,São Miguel das Missões,Sul
43,Rio Grande do Sul,RS,4319208,São Nicolau,Sul
43,Rio Grande do Sul,RS,4319307,São Paulo das Missões,Sul
43,Rio Grande do Sul,RS,4319356,São Pedro da Serra,Sul
43,Rio Grande do Sul,RS,4319364,São Pedro das Missões,Sul
43,Rio Grande do Sul,RS,4319372,São Pedro do Butiá,Sul
43,Rio Grande do Sul,RS,4319406,São Pedro do Sul,Sul
43,Rio Grande do Sul,RS,4319505,São Sebastião do Caí,Sul
43,Rio Grande do Sul,RS,4319604,São Sepé,Sul
43,Rio Grande do Sul,RS,4319703,São Valentim,Sul
43,Rio Grande do Sul,RS,4319711,São Valentim do Sul,Sul
43,Rio Grande do Sul,RS,4319737,São Valério do Sul,Sul
43,Rio Grande do Sul,RS,4319752,São Vendelino,Sul
43,Rio Grande do Sul,RS,4319802,São Vicente do Sul,Sul
43,Rio Grande do Sul,RS,4319901,Sapiranga,Sul
43,Rio Grande do Sul,RS,4320008,Sapucaia do Sul,Sul
43,Rio Grande do Sul,RS,4320107,Sarandi,Sul
43,Rio Grande do Sul,RS,4320206,Seberi,Sul
43,Rio Grande do Sul,RS,4320230,Sede Nova,Sul
43,Rio Grande do Sul,RS,4320263,Segredo,Sul
43,Rio Grande do Sul,RS,4320305,Selbach,Sul
43,Rio Grande do Sul,RS,4320321,Senador Salgado Filho,Sul
43,Rio Grande do Sul,RS,4320354,Sentinela do Sul,Sul
43,Rio Grande do Sul,RS,4320404,Serafina Corrêa,Sul
43,Rio Grande do Sul,RS,4320453,Sério,Sul
43,Rio Grande do Sul,RS,4320503,Sertão,Sul
43,Rio Grande do Sul,RS,4320552,Sertão Santana,Sul
43,Rio Grande do Sul,RS,4320578,Sete de Setembro,Sul
43,Rio Grande do Sul,RS,4320602,Severiano de Almeida,Sul
43,Rio Grande do Sul,RS,4320651,Silveira Martins,Sul
43,Rio Grande do Sul,RS,4320677,Sinimbu,Sul
43,Rio Grande do Sul,RS,4320701,Sobradinho,Sul
43,Rio Grande do Sul,RS,4320800,Soledade,Sul
43,Rio Grande do Sul,RS,4320859,Tabaí,Sul
43,Rio Grande do Sul,RS,4320909,Tapejara,Sul
43,Rio Grande do Sul,RS,4321006,Tapera,Sul
43,Rio Grande do Sul,RS,4321105,Tapes,Sul
43,Rio Grande do Sul,RS,4321204,Taquara,Sul
43,Rio Grande do Sul,RS,4321303,Taquari,Sul
43,Rio Grande do Sul,RS,4321329,Taquaruçu do Sul,Sul
43,Rio Grande do Sul,RS,4321352,Tavares,Sul
43,Rio Grande do Sul,RS,4321402,Tenente Portela,Sul
43,Rio Grande do Sul,RS,4321436,Terra de Areia,Sul
43,Rio Grande do Sul,RS,4321451,Teutônia,Sul
43,Rio Grande do Sul,RS,4321469,Tio Hugo,Sul
43,Rio Grande do Sul,RS,4321477,Tiradentes do Sul,Sul
43,Rio Grande do Sul,RS,4321493,Toropi,Sul
43,Rio Grande do Sul,RS,4321501,Torres,Sul
43,Rio Grande do Sul,RS,4321600,Tramandaí,Sul
43,Rio Grande do Sul,RS,4321626,Travesseiro,Sul
43,Rio Grande do Sul,RS,4321634,Três Arroios,Sul
43,Rio Grande do Sul,RS,4321667,Três Cachoeiras,Sul
43,Rio Grande do Sul,RS,4321709,Três Coroas,Sul
43,Rio Grande do Sul,RS,4321808,Três de Maio,Sul
43,Rio Grande do Sul,RS,4321832,Três Forquilhas,Sul
43,Rio Grande do Sul,RS,4321857,Três Palmeiras,Sul
43,Rio Grande do Sul,RS,4321907,Três Passos,Sul
43,Rio Grande do Sul,RS,4321956,Trindade do Sul,Sul
43,Rio Grande do Sul,RS,4322004,Triunfo,Sul
43,Rio Grande do Sul,RS,4322103,Tucunduva,Sul
43,Rio Grande do Sul,RS,4322152,Tunas,Sul
43,Rio Grande do Sul,RS,4322186,Tupanci do Sul,Sul
43,Rio Grande do Sul,RS,4322202,Tupanciretã,Sul
43,Rio Grande do Sul,RS,4322251,Tupandi,Sul
43,Rio Grande do Sul,RS,4322301,Tuparendi,Sul
43,Rio Grande do Sul,RS,4322327,Turuçu,Sul
43,Rio Grande do Sul,RS,4322343,Ubiretama,Sul
43,Rio Grande do Sul,RS,4322350,União da Serra,Sul
43,Rio Grande do Sul,RS,4322376,Unistalda,Sul
43,Rio Grande do Sul,RS,4322400,Uruguaiana,Sul
43,Rio Grande do Sul,RS,4322509,Vacaria,Sul
43,Rio Grande do Sul,RS,4322525,Vale Verde,Sul
43,Rio Grande do Sul,RS,4322533,Vale do Sol,Sul
43,Rio Grande do Sul,RS,4322541,Vale Real,Sul
43,Rio Grande do Sul,RS,4322558,Vanini,Sul
43,Rio Grande do Sul,RS,4322608,Venâncio Aires,Sul
43,Rio Grande do Sul,RS,4322707,Vera Cruz,Sul
43,Rio Grande do Sul,RS,4322806,Veranópolis,Sul
43,Rio Grande do Sul,RS,4322855,Vespasiano Corrêa,Sul
43,Rio Grande do Sul,RS,4322905,Viadutos,Sul
43,Rio Grande do Sul,RS,4323002,Viamão,Sul
43,Rio Grande do Sul,RS,4323101,Vicente Dutra,Sul
43,Rio Grande do Sul,RS,4323200,Victor Graeff,Sul
43,Rio Grande do Sul,RS,4323309,Vila Flores,Sul
43,Rio Grande do Sul,RS,4323358,Vila Lângaro,Sul
43,Rio Grande do Sul,RS,4323408,Vila Maria,Sul
43,Rio Grande do Sul,RS,4323457,Vila Nova do Sul,Sul
43,Rio Grande do Sul,RS,4323507,Vista Alegre,Sul
43,Rio Grande do Sul,RS,4323606,Vista Alegre do Prata,Sul
43,Rio Grande do Sul,RS,4323705,Vista Gaúcha,Sul
43,Rio Grande do Sul,RS,4323754,Vitória das Missões,Sul
43,Rio Grande do Sul,RS,4323770,Westfália,Sul
43,Rio Grande do Sul,RS,4323804,Xangri-lá,Sul
50,Mato Grosso do Sul,MS,5000203,Água Clara,Centro Oeste
50,Mato Grosso do Sul,MS,5000252,Alcinópolis,Centro Oeste
50,Mato Grosso do Sul,MS,5000609,Amambai,Centro Oeste
50,Mato Grosso do Sul,MS,5000708,Anastácio,Centro Oeste
50,Mato Grosso do Sul,MS,5000807,Anaurilândia,Centro Oeste
50,Mato Grosso do Sul,MS,5000856,Angélica,Centro Oeste
50,Mato Grosso do Sul,MS,5000906,Antônio João,Centro Oeste
50,Mato Grosso do Sul,MS,5001003,Aparecida do Taboado,Centro Oeste
50,Mato Grosso do Sul,MS,5001102,Aquidauana,Centro Oeste
50,Mato Grosso do Sul,MS,5001243,Aral Moreira,Centro Oeste
50,Mato Grosso do Sul,MS,5001508,Bandeirantes,Centro Oeste
50,Mato Grosso do Sul,MS,5001904,Bataguassu,Centro Oeste
50,Mato Grosso do Sul,MS,5002001,Batayporã,Centro Oeste
50,Mato Grosso do Sul,MS,5002100,Bela Vista,Centro Oeste
50,Mato Grosso do Sul,MS,5002159,Bodoquena,Centro Oeste
50,Mato Grosso do Sul,MS,5002209,Bonito,Centro Oeste
50,Mato Grosso do Sul,MS,5002308,Brasilândia,Centro Oeste
50,Mato Grosso do Sul,MS,5002407,Caarapó,Centro Oeste
50,Mato Grosso do Sul,MS,5002605,Camapuã,Centro Oeste
50,Mato Grosso do Sul,MS,5002704,Campo Grande,Centro Oeste
50,Mato Grosso do Sul,MS,5002803,Caracol,Centro Oeste
50,Mato Grosso do Sul,MS,5002902,Cassilândia,Centro Oeste
50,Mato Grosso do Sul,MS,5002951,Chapadão do Sul,Centro Oeste
50,Mato Grosso do Sul,MS,5003108,Corguinho,Centro Oeste
50,Mato Grosso do Sul,MS,5003157,Coronel Sapucaia,Centro Oeste
50,Mato Grosso do Sul,MS,5003207,Corumbá,Centro Oeste
50,Mato Grosso do Sul,MS,5003256,Costa Rica,Centro Oeste
50,Mato Grosso do Sul,MS,5003306,Coxim,Centro Oeste
50,Mato Grosso do Sul,MS,5003454,Deodápolis,Centro Oeste
50,Mato Grosso do Sul,MS,5003488,Dois Irmãos do Buriti,Centro Oeste
50,Mato Grosso do Sul,MS,5003504,Douradina,Centro Oeste
50,Mato Grosso do Sul,MS,5003702,Dourados,Centro Oeste
50,Mato Grosso do Sul,MS,5003751,Eldorado,Centro Oeste
50,Mato Grosso do Sul,MS,5003801,Fátima do Sul,Centro Oeste
50,Mato Grosso do Sul,MS,5003900,Figueirão,Centro Oeste
50,Mato Grosso do Sul,MS,5004007,Glória de Dourados,Centro Oeste
50,Mato Grosso do Sul,MS,5004106,Guia Lopes da Laguna,Centro Oeste
50,Mato Grosso do Sul,MS,5004304,Iguatemi,Centro Oeste
50,Mato Grosso do Sul,MS,5004403,Inocência,Centro Oeste
50,Mato Grosso do Sul,MS,5004502,Itaporã,Centro Oeste
50,Mato Grosso do Sul,MS,5004601,Itaquiraí,Centro Oeste
50,Mato Grosso do Sul,MS,5004700,Ivinhema,Centro Oeste
50,Mato Grosso do Sul,MS,5004809,Japorã,Centro Oeste
50,Mato Grosso do Sul,MS,5004908,Jaraguari,Centro Oeste
50,Mato Grosso do Sul,MS,5005004,Jardim,Centro Oeste
50,Mato Grosso do Sul,MS,5005103,Jateí,Centro Oeste
50,Mato Grosso do Sul,MS,5005152,Juti,Centro Oeste
50,Mato Grosso do Sul,MS,5005202,Ladário,Centro Oeste
50,Mato Grosso do Sul,MS,5005251,Laguna Carapã,Centro Oeste
50,Mato Grosso do Sul,MS,5005400,Maracaju,Centro Oeste
50,Mato Grosso do Sul,MS,5005608,Miranda,Centro Oeste
50,Mato Grosso do Sul,MS,5005681,Mundo Novo,Centro Oeste
50,Mato Grosso do Sul,MS,5005707,Naviraí,Centro Oeste
50,Mato Grosso do Sul,MS,5005806,Nioaque,Centro Oeste
50,Mato Grosso do Sul,MS,5006002,Nova Alvorada do Sul,Centro Oeste
50,Mato Grosso do Sul,MS,5006200,Nova Andradina,Centro Oeste
50,Mato Grosso do Sul,MS,5006259,Novo Horizonte do Sul,Centro Oeste
50,Mato Grosso do Sul,MS,5006275,Paraíso das Águas,Centro Oeste
50,Mato Grosso do Sul,MS,5006309,Paranaíba,Centro Oeste
50,Mato Grosso do Sul,MS,5006358,Paranhos,Centro Oeste
50,Mato Grosso do Sul,MS,5006408,Pedro Gomes,Centro Oeste
50,Mato Grosso do Sul,MS,5006606,Ponta Porã,Centro Oeste
50,Mato Grosso do Sul,MS,5006903,Porto Murtinho,Centro Oeste
50,Mato Grosso do Sul,MS,5007109,Ribas do Rio Pardo,Centro Oeste
50,Mato Grosso do Sul,MS,5007208,Rio Brilhante,Centro Oeste
50,Mato Grosso do Sul,MS,5007307,Rio Negro,Centro Oeste
50,Mato Grosso do Sul,MS,5007406,Rio Verde de Mato Grosso,Centro Oeste
50,Mato Grosso do Sul,MS,5007505,Rochedo,Centro Oeste
50,Mato Grosso do Sul,MS,5007554,Santa Rita do Pardo,Centro Oeste
50,Mato Grosso do Sul,MS,5007695,São Gabriel do Oeste,Centro Oeste
50,Mato Grosso do Sul,MS,5007703,Sete Quedas,Centro Oeste
50,Mato Grosso do Sul,MS,5007802,Selvíria,Centro Oeste
50,Mato Grosso do Sul,MS,5007901,Sidrolândia,Centro Oeste
50,Mato Grosso do Sul,MS,5007935,Sonora,Centro Oeste
50,Mato Grosso do Sul,MS,5007950,Tacuru,Centro Oeste
50,Mato Grosso do Sul,MS,5007976,Taquarussu,Centro Oeste
50,Mato Grosso do Sul,MS,5008008,Terenos,Centro Oeste
50,Mato Grosso do Sul,MS,5008305,Três Lagoas,Centro Oeste
50,Mato Grosso do Sul,MS,5008404,Vicentina,Centro Oeste
51,Mato Grosso,MT,5100102,Acorizal,Centro Oeste
51,Mato Grosso,MT,5100201,Água Boa,Centro Oeste
51,Mato Grosso,MT,5100250,Alta Floresta,Centro Oeste
51,Mato Grosso,MT,5100300,Alto Araguaia,Centro Oeste
51,Mato Grosso,MT,5100359,Alto Boa Vista,Centro Oeste
51,Mato Grosso,MT,5100409,Alto Garças,Centro Oeste
51,Mato Grosso,MT,5100508,Alto Paraguai,Centro Oeste
51,Mato Grosso,MT,5100607,Alto Taquari,Centro Oeste
51,Mato Grosso,MT,5100805,Apiacás,Centro Oeste
51,Mato Grosso,MT,5101001,Araguaiana,Centro Oeste
51,Mato Grosso,MT,5101209,Araguainha,Centro Oeste
51,Mato Grosso,MT,5101258,Araputanga,Centro Oeste
51,Mato Grosso,MT,5101308,Arenápolis,Centro Oeste
51,Mato Grosso,MT,5101407,Aripuanã,Centro Oeste
51,Mato Grosso,MT,5101605,Barão de Melgaço,Centro Oeste
51,Mato Grosso,MT,5101704,Barra do Bugres,Centro Oeste
51,Mato Grosso,MT,5101803,Barra do Garças,Centro Oeste
51,Mato Grosso,MT,5101852,Bom Jesus do Araguaia,Centro Oeste
51,Mato Grosso,MT,5101902,Brasnorte,Centro Oeste
51,Mato Grosso,MT,5102504,Cáceres,Centro Oeste
51,Mato Grosso,MT,5102603,Campinápolis,Centro Oeste
51,Mato Grosso,MT,5102637,Campo Novo do Parecis,Centro Oeste
51,Mato Grosso,MT,5102678,Campo Verde,Centro Oeste
51,Mato Grosso,MT,5102686,Campos de Júlio,Centro Oeste
51,Mato Grosso,MT,5102694,Canabrava do Norte,Centro Oeste
51,Mato Grosso,MT,5102702,Canarana,Centro Oeste
51,Mato Grosso,MT,5102793,Carlinda,Centro Oeste
51,Mato Grosso,MT,5102850,Castanheira,Centro Oeste
51,Mato Grosso,MT,5103007,Chapada dos Guimarães,Centro Oeste
51,Mato Grosso,MT,5103056,Cláudia,Centro Oeste
51,Mato Grosso,MT,5103106,Cocalinho,Centro Oeste
51,Mato Grosso,MT,5103205,Colíder,Centro Oeste
51,Mato Grosso,MT,5103254,Colniza,Centro Oeste
51,Mato Grosso,MT,5103304,Comodoro,Centro Oeste
51,Mato Grosso,MT,5103353,Confresa,Centro Oeste
51,Mato Grosso,MT,5103361,Conquista D'Oeste,Centro Oeste
51,Mato Grosso,MT,5103379,Cotriguaçu,Centro Oeste
51,Mato Grosso,MT,5103403,Cuiabá,Centro Oeste
51,Mato Grosso,MT,5103437,Curvelândia,Centro Oeste
51,Mato Grosso,MT,5103452,Denise,Centro Oeste
51,Mato Grosso,MT,5103502,Diamantino,Centro Oeste
51,Mato Grosso,MT,5103601,Dom Aquino,Centro Oeste
51,Mato Grosso,MT,5103700,Feliz Natal,Centro Oeste
51,Mato Grosso,MT,5103809,Figueirópolis D'Oeste,Centro Oeste
51,Mato Grosso,MT,5103858,Gaúcha do Norte,Centro Oeste
51,Mato Grosso,MT,5103908,General Carneiro,Centro Oeste
51,Mato Grosso,MT,5103957,Glória D'Oeste,Centro Oeste
51,Mato Grosso,MT,5104104,Guarantã do Norte,Centro Oeste
51,Mato Grosso,MT,5104203,Guiratinga,Centro Oeste
51,Mato Grosso,MT,5104500,Indiavaí,Centro Oeste
51,Mato Grosso,MT,5104526,Ipiranga do Norte,Centro Oeste
51,Mato Grosso,MT,5104542,Itanhangá,Centro Oeste
51,Mato Grosso,MT,5104559,Itaúba,Centro Oeste
51,Mato Grosso,MT,5104609,Itiquira,Centro Oeste
51,Mato Grosso,MT,5104807,Jaciara,Centro Oeste
51,Mato Grosso,MT,5104906,Jangada,Centro Oeste
51,Mato Grosso,MT,5105002,Jauru,Centro Oeste
51,Mato Grosso,MT,5105101,Juara,Centro Oeste
51,Mato Grosso,MT,5105150,Juína,Centro Oeste
51,Mato Grosso,MT,5105176,Juruena,Centro Oeste
51,Mato Grosso,MT,5105200,Juscimeira,Centro Oeste
51,Mato Grosso,MT,5105234,Lambari D'Oeste,Centro Oeste
51,Mato Grosso,MT,5105259,Lucas do Rio Verde,Centro Oeste
51,Mato Grosso,MT,5105309,Luciara,Centro Oeste
51,Mato Grosso,MT,5105507,Vila Bela da Santíssima Trindade,Centro Oeste
51,Mato Grosso,MT,5105580,Marcelândia,Centro Oeste
51,Mato Grosso,MT,5105606,Matupá,Centro Oeste
51,Mato Grosso,MT,5105622,Mirassol d'Oeste,Centro Oeste
51,Mato Grosso,MT,5105903,Nobres,Centro Oeste
51,Mato Grosso,MT,5106000,Nortelândia,Centro Oeste
51,Mato Grosso,MT,5106109,Nossa Senhora do Livramento,Centro Oeste
51,Mato Grosso,MT,5106158,Nova Bandeirantes,Centro Oeste
51,Mato Grosso,MT,5106174,Nova Nazaré,Centro Oeste
51,Mato Grosso,MT,5106182,Nova Lacerda,Centro Oeste
51,Mato Grosso,MT,5106190,Nova Santa Helena,Centro Oeste
51,Mato Grosso,MT,5106208,Nova Brasilândia,Centro Oeste
51,Mato Grosso,MT,5106216,Nova Canaã do Norte,Centro Oeste
51,Mato Grosso,MT,5106224,Nova Mutum,Centro Oeste
51,Mato Grosso,MT,5106232,Nova Olímpia,Centro Oeste
51,Mato Grosso,MT,5106240,Nova Ubiratã,Centro Oeste
51,Mato Grosso,MT,5106257,Nova Xavantina,Centro Oeste
51,Mato Grosso,MT,5106265,Novo Mundo,Centro Oeste
51,Mato Grosso,MT,5106273,Novo Horizonte do Norte,Centro Oeste
51,Mato Grosso,MT,5106281,Novo São Joaquim,Centro Oeste
51,Mato Grosso,MT,5106299,Paranaíta,Centro Oeste
51,Mato Grosso,MT,5106307,Paranatinga,Centro Oeste
51,Mato Grosso,MT,5106315,Novo Santo Antônio,Centro Oeste
51,Mato Grosso,MT,5106372,Pedra Preta,Centro Oeste
51,Mato Grosso,MT,5106422,Peixoto de Azevedo,Centro Oeste
51,Mato Grosso,MT,5106455,Planalto da Serra,Centro Oeste
51,Mato Grosso,MT,5106505,Poconé,Centro Oeste
51,Mato Grosso,MT,5106653,Pontal do Araguaia,Centro Oeste
51,Mato Grosso,MT,5106703,Ponte Branca,Centro Oeste
51,Mato Grosso,MT,5106752,Pontes e Lacerda,Centro Oeste
51,Mato Grosso,MT,5106778,Porto Alegre do Norte,Centro Oeste
51,Mato Grosso,MT,5106802,Porto dos Gaúchos,Centro Oeste
51,Mato Grosso,MT,5106828,Porto Esperidião,Centro Oeste
51,Mato Grosso,MT,5106851,Porto Estrela,Centro Oeste
51,Mato Grosso,MT,5107008,Poxoréu,Centro Oeste
51,Mato Grosso,MT,5107040,Primavera do Leste,Centro Oeste
51,Mato Grosso,MT,5107065,Querência,Centro Oeste
51,Mato Grosso,MT,5107107,São José dos Quatro Marcos,Centro Oeste
51,Mato Grosso,MT,5107156,Reserva do Cabaçal,Centro Oeste
51,Mato Grosso,MT,5107180,Ribeirão Cascalheira,Centro Oeste
51,Mato Grosso,MT,5107198,Ribeirãozinho,Centro Oeste
51,Mato Grosso,MT,5107206,Rio Branco,Centro Oeste
51,Mato Grosso,MT,5107248,Santa Carmem,Centro Oeste
51,Mato Grosso,MT,5107263,Santo Afonso,Centro Oeste
51,Mato Grosso,MT,5107297,São José do Povo,Centro Oeste
51,Mato Grosso,MT,5107305,São José do Rio Claro,Centro Oeste
51,Mato Grosso,MT,5107354,São José do Xingu,Centro Oeste
51,Mato Grosso,MT,5107404,São Pedro da Cipa,Centro Oeste
51,Mato Grosso,MT,5107578,Rondolândia,Centro Oeste
51,Mato Grosso,MT,5107602,Rondonópolis,Centro Oeste
51,Mato Grosso,MT,5107701,Rosário Oeste,Centro Oeste
51,Mato Grosso,MT,5107743,Santa Cruz do Xingu,Centro Oeste
51,Mato Grosso,MT,5107750,Salto do Céu,Centro Oeste
51,Mato Grosso,MT,5107768,Santa Rita do Trivelato,Centro Oeste
51,Mato Grosso,MT,5107776,Santa Terezinha,Centro Oeste
51,Mato Grosso,MT,5107792,Santo Antônio do Leste,Centro Oeste
51,Mato Grosso,MT,5107800,Santo Antônio de Leverger,Centro Oeste
51,Mato Grosso,MT,5107859,São Félix do Araguaia,Centro Oeste
51,Mato Grosso,MT,5107875,Sapezal,Centro Oeste
51,Mato Grosso,MT,5107883,Serra Nova Dourada,Centro Oeste
51,Mato Grosso,MT,5107909,Sinop,Centro Oeste
51,Mato Grosso,MT,5107925,Sorriso,Centro Oeste
51,Mato Grosso,MT,5107941,Tabaporã,Centro Oeste
51,Mato Grosso,MT,5107958,Tangará da Serra,Centro Oeste
51,Mato Grosso,MT,5108006,Tapurah,Centro Oeste
51,Mato Grosso,MT,5108055,Terra Nova do Norte,Centro Oeste
51,Mato Grosso,MT,5108105,Tesouro,Centro Oeste
51,Mato Grosso,MT,5108204,Torixoréu,Centro Oeste
51,Mato Grosso,MT,5108303,União do Sul,Centro Oeste
51,Mato Grosso,MT,5108352,Vale de São Domingos,Centro Oeste
51,Mato Grosso,MT,5108402,Várzea Grande,Centro Oeste
51,Mato Grosso,MT,5108501,Vera,Centro Oeste
51,Mato Grosso,MT,5108600,Vila Rica,Centro Oeste
51,Mato Grosso,MT,5108808,Nova Guarita,Centro Oeste
51,Mato Grosso,MT,5108857,Nova Marilândia,Centro Oeste
51,Mato Grosso,MT,5108907,Nova Maringá,Centro Oeste
51,Mato Grosso,MT,5108956,Nova Monte Verde,Centro Oeste
52,Goiás,GO,5200050,Abadia de Goiás,Centro Oeste
52,Goiás,GO,5200100,Abadiânia,Centro Oeste
52,Goiás,GO,5200134,Acreúna,Centro Oeste
52,Goiás,GO,5200159,Adelândia,Centro Oeste
52,Goiás,GO,5200175,Água Fria de Goiás,Centro Oeste
52,Goiás,GO,5200209,Água Limpa,Centro Oeste
52,Goiás,GO,5200258,Águas Lindas de Goiás,Centro Oeste
52,Goiás,GO,5200308,Alexânia,Centro Oeste
52,Goiás,GO,5200506,Aloândia,Centro Oeste
52,Goiás,GO,5200555,Alto Horizonte,Centro Oeste
52,Goiás,GO,5200605,Alto Paraíso de Goiás,Centro Oeste
52,Goiás,GO,5200803,Alvorada do Norte,Centro Oeste
52,Goiás,GO,5200829,Amaralina,Centro Oeste
52,Goiás,GO,5200852,Americano do Brasil,Centro Oeste
52,Goiás,GO,5200902,Amorinópolis,Centro Oeste
52,Goiás,GO,5201108,Anápolis,Centro Oeste
52,Goiás,GO,5201207,Anhanguera,Centro Oeste
52,Goiás,GO,5201306,Anicuns,Centro Oeste
52,Goiás,GO,5201405,Aparecida de Goiânia,Centro Oeste
52,Goiás,GO,5201454,Aparecida do Rio Doce,Centro Oeste
52,Goiás,GO,5201504,Aporé,Centro Oeste
52,Goiás,GO,5201603,Araçu,Centro Oeste
52,Goiás,GO,5201702,Aragarças,Centro Oeste
52,Goiás,GO,5201801,Aragoiânia,Centro Oeste
52,Goiás,GO,5202155,Araguapaz,Centro Oeste
52,Goiás,GO,5202353,Arenópolis,Centro Oeste
52,Goiás,GO,5202502,Aruanã,Centro Oeste
52,Goiás,GO,5202601,Aurilândia,Centro Oeste
52,Goiás,GO,5202809,Avelinópolis,Centro Oeste
52,Goiás,GO,5203104,Baliza,Centro Oeste
52,Goiás,GO,5203203,Barro Alto,Centro Oeste
52,Goiás,GO,5203302,Bela Vista de Goiás,Centro Oeste
52,Goiás,GO,5203401,Bom Jardim de Goiás,Centro Oeste
52,Goiás,GO,5203500,Bom Jesus de Goiás,Centro Oeste
52,Goiás,GO,5203559,Bonfinópolis,Centro Oeste
52,Goiás,GO,5203575,Bonópolis,Centro Oeste
52,Goiás,GO,5203609,Brazabrantes,Centro Oeste
52,Goiás,GO,5203807,Britânia,Centro Oeste
52,Goiás,GO,5203906,Buriti Alegre,Centro Oeste
52,Goiás,GO,5203939,Buriti de Goiás,Centro Oeste
52,Goiás,GO,5203962,Buritinópolis,Centro Oeste
52,Goiás,GO,5204003,Cabeceiras,Centro Oeste
52,Goiás,GO,5204102,Cachoeira Alta,Centro Oeste
52,Goiás,GO,5204201,Cachoeira de Goiás,Centro Oeste
52,Goiás,GO,5204250,Cachoeira Dourada,Centro Oeste
52,Goiás,GO,5204300,Caçu,Centro Oeste
52,Goiás,GO,5204409,Caiapônia,Centro Oeste
52,Goiás,GO,5204508,Caldas Novas,Centro Oeste
52,Goiás,GO,5204557,Caldazinha,Centro Oeste
52,Goiás,GO,5204607,Campestre de Goiás,Centro Oeste
52,Goiás,GO,5204656,Campinaçu,Centro Oeste
52,Goiás,GO,5204706,Campinorte,Centro Oeste
52,Goiás,GO,5204805,Campo Alegre de Goiás,Centro Oeste
52,Goiás,GO,5204854,Campo Limpo de Goiás,Centro Oeste
52,Goiás,GO,5204904,Campos Belos,Centro Oeste
52,Goiás,GO,5204953,Campos Verdes,Centro Oeste
52,Goiás,GO,5205000,Carmo do Rio Verde,Centro Oeste
52,Goiás,GO,5205059,Castelândia,Centro Oeste
52,Goiás,GO,5205109,Catalão,Centro Oeste
52,Goiás,GO,5205208,Caturaí,Centro Oeste
52,Goiás,GO,5205307,Cavalcante,Centro Oeste
52,Goiás,GO,5205406,Ceres,Centro Oeste
52,Goiás,GO,5205455,Cezarina,Centro Oeste
52,Goiás,GO,5205471,Chapadão do Céu,Centro Oeste
52,Goiás,GO,5205497,Cidade Ocidental,Centro Oeste
52,Goiás,GO,5205513,Cocalzinho de Goiás,Centro Oeste
52,Goiás,GO,5205521,Colinas do Sul,Centro Oeste
52,Goiás,GO,5205703,Córrego do Ouro,Centro Oeste
52,Goiás,GO,5205802,Corumbá de Goiás,Centro Oeste
52,Goiás,GO,5205901,Corumbaíba,Centro Oeste
52,Goiás,GO,5206206,Cristalina,Centro Oeste
52,Goiás,GO,5206305,Cristianópolis,Centro Oeste
52,Goiás,GO,5206404,Crixás,Centro Oeste
52,Goiás,GO,5206503,Cromínia,Centro Oeste
52,Goiás,GO,5206602,Cumari,Centro Oeste
52,Goiás,GO,5206701,Damianópolis,Centro Oeste
52,Goiás,GO,5206800,Damolândia,Centro Oeste
52,Goiás,GO,5206909,Davinópolis,Centro Oeste
52,Goiás,GO,5207105,Diorama,Centro Oeste
52,Goiás,GO,5207253,Doverlândia,Centro Oeste
52,Goiás,GO,5207352,Edealina,Centro Oeste
52,Goiás,GO,5207402,Edéia,Centro Oeste
52,Goiás,GO,5207501,Estrela do Norte,Centro Oeste
52,Goiás,GO,5207535,Faina,Centro Oeste
52,Goiás,GO,5207600,Fazenda Nova,Centro Oeste
52,Goiás,GO,5207808,Firminópolis,Centro Oeste
52,Goiás,GO,5207907,Flores de Goiás,Centro Oeste
52,Goiás,GO,5208004,Formosa,Centro Oeste
52,Goiás,GO,5208103,Formoso,Centro Oeste
52,Goiás,GO,5208152,Gameleira de Goiás,Centro Oeste
52,Goiás,GO,5208301,Divinópolis de Goiás,Centro Oeste
52,Goiás,GO,5208400,Goianápolis,Centro Oeste
52,Goiás,GO,5208509,Goiandira,Centro Oeste
52,Goiás,GO,5208608,Goianésia,Centro Oeste
52,Goiás,GO,5208707,Goiânia,Centro Oeste
52,Goiás,GO,5208806,Goianira,Centro Oeste
52,Goiás,GO,5208905,Goiás,Centro Oeste
52,Goiás,GO,5209101,Goiatuba,Centro Oeste
52,Goiás,GO,5209150,Gouvelândia,Centro Oeste
52,Goiás,GO,5209200,Guapó,Centro Oeste
52,Goiás,GO,5209291,Guaraíta,Centro Oeste
52,Goiás,GO,5209408,Guarani de Goiás,Centro Oeste
52,Goiás,GO,5209457,Guarinos,Centro Oeste
52,Goiás,GO,5209606,Heitoraí,Centro Oeste
52,Goiás,GO,5209705,Hidrolândia,Centro Oeste
52,Goiás,GO,5209804,Hidrolina,Centro Oeste
52,Goiás,GO,5209903,Iaciara,Centro Oeste
52,Goiás,GO,5209937,Inaciolândia,Centro Oeste
52,Goiás,GO,5209952,Indiara,Centro Oeste
52,Goiás,GO,5210000,Inhumas,Centro Oeste
52,Goiás,GO,5210109,Ipameri,Centro Oeste
52,Goiás,GO,5210158,Ipiranga de Goiás,Centro Oeste
52,Goiás,GO,5210208,Iporá,Centro Oeste
52,Goiás,GO,5210307,Israelândia,Centro Oeste
52,Goiás,GO,5210406,Itaberaí,Centro Oeste
52,Goiás,GO,5210562,Itaguari,Centro Oeste
52,Goiás,GO,5210604,Itaguaru,Centro Oeste
52,Goiás,GO,5210802,Itajá,Centro Oeste
52,Goiás,GO,5210901,Itapaci,Centro Oeste
52,Goiás,GO,5211008,Itapirapuã,Centro Oeste
52,Goiás,GO,5211206,Itapuranga,Centro Oeste
52,Goiás,GO,5211305,Itarumã,Centro Oeste
52,Goiás,GO,5211404,Itauçu,Centro Oeste
52,Goiás,GO,5211503,Itumbiara,Centro Oeste
52,Goiás,GO,5211602,Ivolândia,Centro Oeste
52,Goiás,GO,5211701,Jandaia,Centro Oeste
52,Goiás,GO,5211800,Jaraguá,Centro Oeste
52,Goiás,GO,5211909,Jataí,Centro Oeste
52,Goiás,GO,5212006,Jaupaci,Centro Oeste
52,Goiás,GO,5212055,Jesúpolis,Centro Oeste
52,Goiás,GO,5212105,Joviânia,Centro Oeste
52,Goiás,GO,5212204,Jussara,Centro Oeste
52,Goiás,GO,5212253,Lagoa Santa,Centro Oeste
52,Goiás,GO,5212303,Leopoldo de Bulhões,Centro Oeste
52,Goiás,GO,5212501,Luziânia,Centro Oeste
52,Goiás,GO,5212600,Mairipotaba,Centro Oeste
52,Goiás,GO,5212709,Mambaí,Centro Oeste
52,Goiás,GO,5212808,Mara Rosa,Centro Oeste
52,Goiás,GO,5212907,Marzagão,Centro Oeste
52,Goiás,GO,5212956,Matrinchã,Centro Oeste
52,Goiás,GO,5213004,Maurilândia,Centro Oeste
52,Goiás,GO,5213053,Mimoso de Goiás,Centro Oeste
52,Goiás,GO,5213087,Minaçu,Centro Oeste
52,Goiás,GO,5213103,Mineiros,Centro Oeste
52,Goiás,GO,5213400,Moiporá,Centro Oeste
52,Goiás,GO,5213509,Monte Alegre de Goiás,Centro Oeste
52,Goiás,GO,5213707,Montes Claros de Goiás,Centro Oeste
52,Goiás,GO,5213756,Montividiu,Centro Oeste
52,Goiás,GO,5213772,Montividiu do Norte,Centro Oeste
52,Goiás,GO,5213806,Morrinhos,Centro Oeste
52,Goiás,GO,5213855,Morro Agudo de Goiás,Centro Oeste
52,Goiás,GO,5213905,Mossâmedes,Centro Oeste
52,Goiás,GO,5214002,Mozarlândia,Centro Oeste
52,Goiás,GO,5214051,Mundo Novo,Centro Oeste
52,Goiás,GO,5214101,Mutunópolis,Centro Oeste
52,Goiás,GO,5214408,Nazário,Centro Oeste
52,Goiás,GO,5214507,Nerópolis,Centro Oeste
52,Goiás,GO,5214606,Niquelândia,Centro Oeste
52,Goiás,GO,5214705,Nova América,Centro Oeste
52,Goiás,GO,5214804,Nova Aurora,Centro Oeste
52,Goiás,GO,5214838,Nova Crixás,Centro Oeste
52,Goiás,GO,5214861,Nova Glória,Centro Oeste
52,Goiás,GO,5214879,Nova Iguaçu de Goiás,Centro Oeste
52,Goiás,GO,5214903,Nova Roma,Centro Oeste
52,Goiás,GO,5215009,Nova Veneza,Centro Oeste
52,Goiás,GO,5215207,Novo Brasil,Centro Oeste
52,Goiás,GO,5215231,Novo Gama,Centro Oeste
52,Goiás,GO,5215256,Novo Planalto,Centro Oeste
52,Goiás,GO,5215306,Orizona,Centro Oeste
52,Goiás,GO,5215405,Ouro Verde de Goiás,Centro Oeste
52,Goiás,GO,5215504,Ouvidor,Centro Oeste
52,Goiás,GO,5215603,Padre Bernardo,Centro Oeste
52,Goiás,GO,5215652,Palestina de Goiás,Centro Oeste
52,Goiás,GO,5215702,Palmeiras de Goiás,Centro Oeste
52,Goiás,GO,5215801,Palmelo,Centro Oeste
52,Goiás,GO,5215900,Palminópolis,Centro Oeste
52,Goiás,GO,5216007,Panamá,Centro Oeste
52,Goiás,GO,5216304,Paranaiguara,Centro Oeste
52,Goiás,GO,5216403,Paraúna,Centro Oeste
52,Goiás,GO,5216452,Perolândia,Centro Oeste
52,Goiás,GO,5216809,Petrolina de Goiás,Centro Oeste
52,Goiás,GO,5216908,Pilar de Goiás,Centro Oeste
52,Goiás,GO,5217104,Piracanjuba,Centro Oeste
52,Goiás,GO,5217203,Piranhas,Centro Oeste
52,Goiás,GO,5217302,Pirenópolis,Centro Oeste
52,Goiás,GO,5217401,Pires do Rio,Centro Oeste
52,Goiás,GO,5217609,Planaltina,Centro Oeste
52,Goiás,GO,5217708,Pontalina,Centro Oeste
52,Goiás,GO,5218003,Porangatu,Centro Oeste
52,Goiás,GO,5218052,Porteirão,Centro Oeste
52,Goiás,GO,5218102,Portelândia,Centro Oeste
52,Goiás,GO,5218300,Posse,Centro Oeste
52,Goiás,GO,5218391,Professor Jamil,Centro Oeste
52,Goiás,GO,5218508,Quirinópolis,Centro Oeste
52,Goiás,GO,5218607,Rialma,Centro Oeste
52,Goiás,GO,5218706,Rianápolis,Centro Oeste
52,Goiás,GO,5218789,Rio Quente,Centro Oeste
52,Goiás,GO,5218805,Rio Verde,Centro Oeste
52,Goiás,GO,5218904,Rubiataba,Centro Oeste
52,Goiás,GO,5219001,Sanclerlândia,Centro Oeste
52,Goiás,GO,5219100,Santa Bárbara de Goiás,Centro Oeste
52,Goiás,GO,5219209,Santa Cruz de Goiás,Centro Oeste
52,Goiás,GO,5219258,Santa Fé de Goiás,Centro Oeste
52,Goiás,GO,5219308,Santa Helena de Goiás,Centro Oeste
52,Goiás,GO,5219357,Santa Isabel,Centro Oeste
52,Goiás,GO,5219407,Santa Rita do Araguaia,Centro Oeste
52,Goiás,GO,5219456,Santa Rita do Novo Destino,Centro Oeste
52,Goiás,GO,5219506,Santa Rosa de Goiás,Centro Oeste
52,Goiás,GO,5219605,Santa Tereza de Goiás,Centro Oeste
52,Goiás,GO,5219704,Santa Terezinha de Goiás,Centro Oeste
52,Goiás,GO,5219712,Santo Antônio da Barra,Centro Oeste
52,Goiás,GO,5219738,Santo Antônio de Goiás,Centro Oeste
52,Goiás,GO,5219753,Santo Antônio do Descoberto,Centro Oeste
52,Goiás,GO,5219803,São Domingos,Centro Oeste
52,Goiás,GO,5219902,São Francisco de Goiás,Centro Oeste
52,Goiás,GO,5220009,São João d'Aliança,Centro Oeste
52,Goiás,GO,5220058,São João da Paraúna,Centro Oeste
52,Goiás,GO,5220108,São Luís de Montes Belos,Centro Oeste
52,Goiás,GO,5220157,São Luiz do Norte,Centro Oeste
52,Goiás,GO,5220207,São Miguel do Araguaia,Centro Oeste
52,Goiás,GO,5220264,São Miguel do Passa Quatro,Centro Oeste
52,Goiás,GO,5220280,São Patrício,Centro Oeste
52,Goiás,GO,5220405,São Simão,Centro Oeste
52,Goiás,GO,5220454,Senador Canedo,Centro Oeste
52,Goiás,GO,5220504,Serranópolis,Centro Oeste
52,Goiás,GO,5220603,Silvânia,Centro Oeste
52,Goiás,GO,5220686,Simolândia,Centro Oeste
52,Goiás,GO,5220702,Sítio d'Abadia,Centro Oeste
52,Goiás,GO,5221007,Taquaral de Goiás,Centro Oeste
52,Goiás,GO,5221080,Teresina de Goiás,Centro Oeste
52,Goiás,GO,5221197,Terezópolis de Goiás,Centro Oeste
52,Goiás,GO,5221304,Três Ranchos,Centro Oeste
52,Goiás,GO,5221403,Trindade,Centro Oeste
52,Goiás,GO,5221452,Trombas,Centro Oeste
52,Goiás,GO,5221502,Turvânia,Centro Oeste
52,Goiás,GO,5221551,Turvelândia,Centro Oeste
52,Goiás,GO,5221577,Uirapuru,Centro Oeste
52,Goiás,GO,5221601,Uruaçu,Centro Oeste
52,Goiás,GO,5221700,Uruana,Centro Oeste
52,Goiás,GO,5221809,Urutaí,Centro Oeste
52,Goiás,GO,5221858,Valparaíso de Goiás,Centro Oeste
52,Goiás,GO,5221908,Varjão,Centro Oeste
52,Goiás,GO,5222005,Vianópolis,Centro Oeste
52,Goiás,GO,5222054,Vicentinópolis,Centro Oeste
52,Goiás,GO,5222203,Vila Boa,Centro Oeste
52,Goiás,GO,5222302,Vila Propício,Centro Oeste
53,Distrito Federal,DF,5300108,Brasília,Centro Oeste
