Estado,Codigo UF,UF,Código_IBGE,Região,Ano,PIB
Acre,12,AC,1200013,Norte,2000,"3864,01"
Acre,12,AC,1200013,Norte,2001,"4309,39"
Acre,12,AC,1200013,Norte,2002,"4887,09"
Acre,12,AC,1200013,Norte,2003,"5502,38"
Acre,12,AC,1200013,Norte,2004,"6415,31"
Acre,12,AC,1200013,Norte,2005,"6693,55"
Acre,12,AC,1200013,Norte,2006,"7040,88"
Acre,12,AC,1200013,Norte,2007,"8188,96"
Acre,12,AC,1200013,Norte,2008,"9896,16"
Acre,12,AC,1200013,Norte,2009,"10686,87"
Acre,12,AC,1200013,Norte,2010,"11384,32753"
Acre,12,AC,1200013,Norte,2011,"11990,35587"
Acre,12,AC,1200013,Norte,2012,"13360,7166"
Acre,12,AC,1200013,Norte,2013,"14777,17569"
Acre,12,AC,1200013,Norte,2014,"17034,14833"
Acre,12,AC,1200013,Norte,2015,"16954,05276"
Acre,12,AC,1200013,Norte,2016,"16841,50719"
Acre,12,AC,1200013,Norte,2017,"17204,21132"
Acre,12,AC,1200013,Norte,2018,"17636,88011"
Acre,12,AC,1200013,Norte,2019,"17722,41372"
Acre,12,AC,1200013,Norte,2020,"18420,26"
Alagoas,27,AL,2700102,Nordeste,2000,"2752,32"
Alagoas,27,AL,2700102,Nordeste,2001,"2971,45"
Alagoas,27,AL,2700102,Nordeste,2002,"3398,2"
Alagoas,27,AL,2700102,Nordeste,2003,"3841,93"
Alagoas,27,AL,2700102,Nordeste,2004,"4373,05"
Alagoas,27,AL,2700102,Nordeste,2005,"4688,27"
Alagoas,27,AL,2700102,Nordeste,2006,"5162,19"
Alagoas,27,AL,2700102,Nordeste,2007,"5767,56"
Alagoas,27,AL,2700102,Nordeste,2008,"6227,5"
Alagoas,27,AL,2700102,Nordeste,2009,"6728,22"
Alagoas,27,AL,2700102,Nordeste,2010,"8693,917327"
Alagoas,27,AL,2700102,Nordeste,2011,"10071,09559"
Alagoas,27,AL,2700102,Nordeste,2012,"10946,36044"
Alagoas,27,AL,2700102,Nordeste,2013,"11294,53598"
Alagoas,27,AL,2700102,Nordeste,2014,"12335,43786"
Alagoas,27,AL,2700102,Nordeste,2015,"13878,52569"
Alagoas,27,AL,2700102,Nordeste,2016,"14727,38488"
Alagoas,27,AL,2700102,Nordeste,2017,"15655,7577"
Alagoas,27,AL,2700102,Nordeste,2018,"16375,56252"
Alagoas,27,AL,2700102,Nordeste,2019,"17667,79183"
Alagoas,27,AL,2700102,Nordeste,2020,"18857,69"
Amapá,16,AP,1600055,Norte,2000,"4941,04"
Amapá,16,AP,1600055,Norte,2001,"5618,06"
Amapá,16,AP,1600055,Norte,2002,"6372,59"
Amapá,16,AP,1600055,Norte,2003,"6421,04"
Amapá,16,AP,1600055,Norte,2004,"6953,76"
Amapá,16,AP,1600055,Norte,2005,"7335,06"
Amapá,16,AP,1600055,Norte,2006,"8542,82"
Amapá,16,AP,1600055,Norte,2007,"9459,06"
Amapá,16,AP,1600055,Norte,2008,"11032,67"
Amapá,16,AP,1600055,Norte,2009,"11816,64"
Amapá,16,AP,1600055,Norte,2010,"12319,32236"
Amapá,16,AP,1600055,Norte,2011,"13749,96974"
Amapá,16,AP,1600055,Norte,2012,"15933,06032"
Amapá,16,AP,1600055,Norte,2013,"17365,38188"
Amapá,16,AP,1600055,Norte,2014,"17845,34485"
Amapá,16,AP,1600055,Norte,2015,"18079,6569"
Amapá,16,AP,1600055,Norte,2016,"18333,41014"
Amapá,16,AP,1600055,Norte,2017,"19407,64869"
Amapá,16,AP,1600055,Norte,2018,"20247,53243"
Amapá,16,AP,1600055,Norte,2019,"20688,21064"
Amapá,16,AP,1600055,Norte,2020,"21431,53"
Amazonas,13,AM,1300029,Norte,2000,"5955,35"
Amazonas,13,AM,1300029,Norte,2001,"6223,8"
Amazonas,13,AM,1300029,Norte,2002,"7357,39"
Amazonas,13,AM,1300029,Norte,2003,"8240,36"
Amazonas,13,AM,1300029,Norte,2004,"9778,2"
Amazonas,13,AM,1300029,Norte,2005,"10318,33"
Amazonas,13,AM,1300029,Norte,2006,"11826,14"
Amazonas,13,AM,1300029,Norte,2007,"12399,59"
Amazonas,13,AM,1300029,Norte,2008,"14014,13"
Amazonas,13,AM,1300029,Norte,2009,"14620,99"
Amazonas,13,AM,1300029,Norte,2010,"17488,71717"
Amazonas,13,AM,1300029,Norte,2011,"19990,57797"
Amazonas,13,AM,1300029,Norte,2012,"20117,79517"
Amazonas,13,AM,1300029,Norte,2013,"21810,12499"
Amazonas,13,AM,1300029,Norte,2014,"22373,35925"
Amazonas,13,AM,1300029,Norte,2015,"21980,90367"
Amazonas,13,AM,1300029,Norte,2016,"22250,67253"
Amazonas,13,AM,1300029,Norte,2017,"22945,1397"
Amazonas,13,AM,1300029,Norte,2018,"24532,9033"
Amazonas,13,AM,1300029,Norte,2019,"26101,71532"
Amazonas,13,AM,1300029,Norte,2020,"27572,96"
Bahia,29,BA,2900108,Nordeste,2000,"3559,47"
Bahia,29,BA,2900108,Nordeste,2001,"3866,75"
Bahia,29,BA,2900108,Nordeste,2002,"4553,87"
Bahia,29,BA,2900108,Nordeste,2003,"5070,25"
Bahia,29,BA,2900108,Nordeste,2004,"5835,26"
Bahia,29,BA,2900108,Nordeste,2005,"6581,08"
Bahia,29,BA,2900108,Nordeste,2006,"6918,98"
Bahia,29,BA,2900108,Nordeste,2007,"7785,69"
Bahia,29,BA,2900108,Nordeste,2008,"8378,31"
Bahia,29,BA,2900108,Nordeste,2009,"9364,62"
Bahia,29,BA,2900108,Nordeste,2010,"11013,10817"
Bahia,29,BA,2900108,Nordeste,2011,"11817,86949"
Bahia,29,BA,2900108,Nordeste,2012,"12879,58646"
Bahia,29,BA,2900108,Nordeste,2013,"13616,21963"
Bahia,29,BA,2900108,Nordeste,2014,"14803,94512"
Bahia,29,BA,2900108,Nordeste,2015,"16117,12401"
Bahia,29,BA,2900108,Nordeste,2016,"16936,98507"
Bahia,29,BA,2900108,Nordeste,2017,"17512,7908"
Bahia,29,BA,2900108,Nordeste,2018,"19324,03579"
Bahia,29,BA,2900108,Nordeste,2019,"19716,21339"
Bahia,29,BA,2900108,Nordeste,2020,"20449,29"
Ceará,23,CE,2300101,Nordeste,2000,"3042,41"
Ceará,23,CE,2300101,Nordeste,2001,"3250,37"
Ceará,23,CE,2300101,Nordeste,2002,"3775,04"
Ceará,23,CE,2300101,Nordeste,2003,"4197,42"
Ceará,23,CE,2300101,Nordeste,2004,"4689,13"
Ceará,23,CE,2300101,Nordeste,2005,"5055,43"
Ceará,23,CE,2300101,Nordeste,2006,"5634,94"
Ceará,23,CE,2300101,Nordeste,2007,"6037,94"
Ceará,23,CE,2300101,Nordeste,2008,"7111,85"
Ceará,23,CE,2300101,Nordeste,2009,"7686,67"
Ceará,23,CE,2300101,Nordeste,2010,"9391,072771"
Ceará,23,CE,2300101,Nordeste,2011,"10515,14637"
Ceará,23,CE,2300101,Nordeste,2012,"11268,14973"
Ceará,23,CE,2300101,Nordeste,2013,"12420,75667"
Ceará,23,CE,2300101,Nordeste,2014,"14255,05495"
Ceará,23,CE,2300101,Nordeste,2015,"14670,16115"
Ceará,23,CE,2300101,Nordeste,2016,"15442,62883"
Ceará,23,CE,2300101,Nordeste,2017,"16398,44686"
Ceará,23,CE,2300101,Nordeste,2018,"17178,25632"
Ceará,23,CE,2300101,Nordeste,2019,"17912,1693"
Ceará,23,CE,2300101,Nordeste,2020,"18168,35"
Distrito Federal,53,DF,5300108,Centro Oeste,2000,"22658,01"
Distrito Federal,53,DF,5300108,Centro Oeste,2001,"24564,76"
Distrito Federal,53,DF,5300108,Centro Oeste,2002,"26161,33"
Distrito Federal,53,DF,5300108,Centro Oeste,2003,"28817,76"
Distrito Federal,53,DF,5300108,Centro Oeste,2004,"31663,53"
Distrito Federal,53,DF,5300108,Centro Oeste,2005,"34514,72"
Distrito Federal,53,DF,5300108,Centro Oeste,2006,"37599,28"
Distrito Federal,53,DF,5300108,Centro Oeste,2007,"41061,74"
Distrito Federal,53,DF,5300108,Centro Oeste,2008,"45977,56"
Distrito Federal,53,DF,5300108,Centro Oeste,2009,"50438,48"
Distrito Federal,53,DF,5300108,Centro Oeste,2010,"56252,9001"
Distrito Federal,53,DF,5300108,Centro Oeste,2011,"59221,86682"
Distrito Federal,53,DF,5300108,Centro Oeste,2012,"61959,35578"
Distrito Federal,53,DF,5300108,Centro Oeste,2013,"63054,407"
Distrito Federal,53,DF,5300108,Centro Oeste,2014,"69216,7987"
Distrito Federal,53,DF,5300108,Centro Oeste,2015,"73970,99071"
Distrito Federal,53,DF,5300108,Centro Oeste,2016,"79114,1942"
Distrito Federal,53,DF,5300108,Centro Oeste,2017,"80515,46577"
Distrito Federal,53,DF,5300108,Centro Oeste,2018,"85661,39366"
Distrito Federal,53,DF,5300108,Centro Oeste,2019,"90742,75039"
Distrito Federal,53,DF,5300108,Centro Oeste,2020,"87016,16"
Espírito Santo,32,ES,3200102,Sudeste,2000,"7506,25"
Espírito Santo,32,ES,3200102,Sudeste,2001,"7712,61"
Espírito Santo,32,ES,3200102,Sudeste,2002,"8356,79"
Espírito Santo,32,ES,3200102,Sudeste,2003,"9557,46"
Espírito Santo,32,ES,3200102,Sudeste,2004,"12192,48"
Espírito Santo,32,ES,3200102,Sudeste,2005,"13854,93"
Espírito Santo,32,ES,3200102,Sudeste,2006,"15234,78"
Espírito Santo,32,ES,3200102,Sudeste,2007,"17143,4"
Espírito Santo,32,ES,3200102,Sudeste,2008,"20230,85"
Espírito Santo,32,ES,3200102,Sudeste,2009,"19145,74"
Espírito Santo,32,ES,3200102,Sudeste,2010,"24286,43624"
Espírito Santo,32,ES,3200102,Sudeste,2011,"29877,24244"
Espírito Santo,32,ES,3200102,Sudeste,2012,"32657,46017"
Espírito Santo,32,ES,3200102,Sudeste,2013,"30545,23766"
Espírito Santo,32,ES,3200102,Sudeste,2014,"33148,56033"
Espírito Santo,32,ES,3200102,Sudeste,2015,"30628,16942"
Espírito Santo,32,ES,3200102,Sudeste,2016,"27496,91864"
Espírito Santo,32,ES,3200102,Sudeste,2017,"28234,53319"
Espírito Santo,32,ES,3200102,Sudeste,2018,"34493,11972"
Espírito Santo,32,ES,3200102,Sudeste,2019,"34177,04837"
Espírito Santo,32,ES,3200102,Sudeste,2020,"34065,98"
Goiás,52,GO,5200050,Centro Oeste,2000,"5246,42"
Goiás,52,GO,5200050,Centro Oeste,2001,"5846,72"
Goiás,52,GO,5200050,Centro Oeste,2002,"7181,07"
Goiás,52,GO,5200050,Centro Oeste,2003,"8072,55"
Goiás,52,GO,5200050,Centro Oeste,2004,"8888,92"
Goiás,52,GO,5200050,Centro Oeste,2005,"8992,02"
Goiás,52,GO,5200050,Centro Oeste,2006,"9956,28"
Goiás,52,GO,5200050,Centro Oeste,2007,"11164,88"
Goiás,52,GO,5200050,Centro Oeste,2008,"12877,88"
Goiás,52,GO,5200050,Centro Oeste,2009,"14446,66"
Goiás,52,GO,5200050,Centro Oeste,2010,"17783,02952"
Goiás,52,GO,5200050,Centro Oeste,2011,"19947,76945"
Goiás,52,GO,5200050,Centro Oeste,2012,"22543,93423"
Goiás,52,GO,5200050,Centro Oeste,2013,"23515,54964"
Goiás,52,GO,5200050,Centro Oeste,2014,"25296,59706"
Goiás,52,GO,5200050,Centro Oeste,2015,"26265,44077"
Goiás,52,GO,5200050,Centro Oeste,2016,"27145,09253"
Goiás,52,GO,5200050,Centro Oeste,2017,"28316,08749"
Goiás,52,GO,5200050,Centro Oeste,2018,"28272,96229"
Goiás,52,GO,5200050,Centro Oeste,2019,"29732,39761"
Goiás,52,GO,5200050,Centro Oeste,2020,"31506,97"
Maranhão,21,MA,2100055,Nordeste,2000,"2107,22"
Maranhão,21,MA,2100055,Nordeste,2001,"2341,82"
Maranhão,21,MA,2100055,Nordeste,2002,"2662,07"
Maranhão,21,MA,2100055,Nordeste,2003,"3146,82"
Maranhão,21,MA,2100055,Nordeste,2004,"3634,8"
Maranhão,21,MA,2100055,Nordeste,2005,"4150,94"
Maranhão,21,MA,2100055,Nordeste,2006,"4627,71"
Maranhão,21,MA,2100055,Nordeste,2007,"5044,77"
Maranhão,21,MA,2100055,Nordeste,2008,"6103,52"
Maranhão,21,MA,2100055,Nordeste,2009,"6259,46"
Maranhão,21,MA,2100055,Nordeste,2010,"7048,990508"
Maranhão,21,MA,2100055,Nordeste,2011,"7846,1346"
Maranhão,21,MA,2100055,Nordeste,2012,"9009,127144"
Maranhão,21,MA,2100055,Nordeste,2013,"9963,474468"
Maranhão,21,MA,2100055,Nordeste,2014,"11216,36677"
Maranhão,21,MA,2100055,Nordeste,2015,"11366,34626"
Maranhão,21,MA,2100055,Nordeste,2016,"12267,70154"
Maranhão,21,MA,2100055,Nordeste,2017,"12791,40401"
Maranhão,21,MA,2100055,Nordeste,2018,"13955,75381"
Maranhão,21,MA,2100055,Nordeste,2019,"13757,94316"
Maranhão,21,MA,2100055,Nordeste,2020,"15027,69"
Mato Grosso,51,MT,5100102,Centro Oeste,2000,"5937,87"
Mato Grosso,51,MT,5100102,Centro Oeste,2001,"6369,74"
Mato Grosso,51,MT,5100102,Centro Oeste,2002,"8039,65"
Mato Grosso,51,MT,5100102,Centro Oeste,2003,"10518,81"
Mato Grosso,51,MT,5100102,Centro Oeste,2004,"13700,89"
Mato Grosso,51,MT,5100102,Centro Oeste,2005,"13365,07"
Mato Grosso,51,MT,5100102,Centro Oeste,2006,"12340,68"
Mato Grosso,51,MT,5100102,Centro Oeste,2007,"14667,83"
Mato Grosso,51,MT,5100102,Centro Oeste,2008,"18049,81"
Mato Grosso,51,MT,5100102,Centro Oeste,2009,"19087,09"
Mato Grosso,51,MT,5100102,Centro Oeste,2010,"18655,61084"
Mato Grosso,51,MT,5100102,Centro Oeste,2011,"22482,24825"
Mato Grosso,51,MT,5100102,Centro Oeste,2012,"25572,10238"
Mato Grosso,51,MT,5100102,Centro Oeste,2013,"28035,74813"
Mato Grosso,51,MT,5100102,Centro Oeste,2014,"31396,80881"
Mato Grosso,51,MT,5100102,Centro Oeste,2015,"32895,04797"
Mato Grosso,51,MT,5100102,Centro Oeste,2016,"37476,67033"
Mato Grosso,51,MT,5100102,Centro Oeste,2017,"37926,21589"
Mato Grosso,51,MT,5100102,Centro Oeste,2018,"39931,12513"
Mato Grosso,51,MT,5100102,Centro Oeste,2019,"40787,31948"
Mato Grosso,51,MT,5100102,Centro Oeste,2020,"50663,19"
Mato Grosso do Sul,50,MS,5000203,Centro Oeste,2000,"5447,73"
Mato Grosso do Sul,50,MS,5000203,Centro Oeste,2001,"6229,87"
Mato Grosso do Sul,50,MS,5000203,Centro Oeste,2002,"7079,04"
Mato Grosso do Sul,50,MS,5000203,Centro Oeste,2003,"8883,09"
Mato Grosso do Sul,50,MS,5000203,Centro Oeste,2004,"9599,19"
Mato Grosso do Sul,50,MS,5000203,Centro Oeste,2005,"9561,03"
Mato Grosso do Sul,50,MS,5000203,Centro Oeste,2006,"10592,38"
Mato Grosso do Sul,50,MS,5000203,Centro Oeste,2007,"12062,84"
Mato Grosso do Sul,50,MS,5000203,Centro Oeste,2008,"14187,47"
Mato Grosso do Sul,50,MS,5000203,Centro Oeste,2009,"15406,62"
Mato Grosso do Sul,50,MS,5000203,Centro Oeste,2010,"19299,3366"
Mato Grosso do Sul,50,MS,5000203,Centro Oeste,2011,"22253,16965"
Mato Grosso do Sul,50,MS,5000203,Centro Oeste,2012,"24754,89918"
Mato Grosso do Sul,50,MS,5000203,Centro Oeste,2013,"26747,58646"
Mato Grosso do Sul,50,MS,5000203,Centro Oeste,2014,"30137,58393"
Mato Grosso do Sul,50,MS,5000203,Centro Oeste,2015,"31337,30307"
Mato Grosso do Sul,50,MS,5000203,Centro Oeste,2016,"34257,66656"
Mato Grosso do Sul,50,MS,5000203,Centro Oeste,2017,"35529,3811"
Mato Grosso do Sul,50,MS,5000203,Centro Oeste,2018,"38925,85386"
Mato Grosso do Sul,50,MS,5000203,Centro Oeste,2019,"38482,83022"
Mato Grosso do Sul,50,MS,5000203,Centro Oeste,2020,"43649,17"
Minas Gerais,31,MG,3100104,Sudeste,2000,"5623,47"
Minas Gerais,31,MG,3100104,Sudeste,2001,"6140,84"
Minas Gerais,31,MG,3100104,Sudeste,2002,"6966,05"
Minas Gerais,31,MG,3100104,Sudeste,2003,"8021,35"
Minas Gerais,31,MG,3100104,Sudeste,2004,"9451,07"
Minas Gerais,31,MG,3100104,Sudeste,2005,"10013,77"
Minas Gerais,31,MG,3100104,Sudeste,2006,"11024,75"
Minas Gerais,31,MG,3100104,Sudeste,2007,"12236,4"
Minas Gerais,31,MG,3100104,Sudeste,2008,"14232,73"
Minas Gerais,31,MG,3100104,Sudeste,2009,"14328,33"
Minas Gerais,31,MG,3100104,Sudeste,2010,"17918,7487"
Minas Gerais,31,MG,3100104,Sudeste,2011,"20281,34985"
Minas Gerais,31,MG,3100104,Sudeste,2012,"22275,26741"
Minas Gerais,31,MG,3100104,Sudeste,2013,"23697,20132"
Minas Gerais,31,MG,3100104,Sudeste,2014,"24917,12005"
Minas Gerais,31,MG,3100104,Sudeste,2015,"24885,17417"
Minas Gerais,31,MG,3100104,Sudeste,2016,"25946,37036"
Minas Gerais,31,MG,3100104,Sudeste,2017,"27291,10832"
Minas Gerais,31,MG,3100104,Sudeste,2018,"29223,21645"
Minas Gerais,31,MG,3100104,Sudeste,2019,"30794,04414"
Minas Gerais,31,MG,3100104,Sudeste,2020,"32066,73"
Paraná,41,PR,4100103,Sul,2000,"7228,64"
Paraná,41,PR,4100103,Sul,2001,"7881,91"
Paraná,41,PR,4100103,Sul,2002,9023
Paraná,41,PR,4100103,Sul,2003,"11048,85"
Paraná,41,PR,4100103,Sul,2004,"12224,52"
Paraná,41,PR,4100103,Sul,2005,"12344,46"
Paraná,41,PR,4100103,Sul,2006,"13151,95"
Paraná,41,PR,4100103,Sul,2007,"15371,28"
Paraná,41,PR,4100103,Sul,2008,"16927,32"
Paraná,41,PR,4100103,Sul,2009,"17779,14"
Paraná,41,PR,4100103,Sul,2010,"21572,20901"
Paraná,41,PR,4100103,Sul,2011,"24459,0689"
Paraná,41,PR,4100103,Sul,2012,"27001,96796"
Paraná,41,PR,4100103,Sul,2013,"30323,45656"
Paraná,41,PR,4100103,Sul,2014,"31410,74403"
Paraná,41,PR,4100103,Sul,2015,"33768,89849"
Paraná,41,PR,4100103,Sul,2016,"35739,94233"
Paraná,41,PR,4100103,Sul,2017,"37231,86037"
Paraná,41,PR,4100103,Sul,2018,"38772,7417"
Paraná,41,PR,4100103,Sul,2019,"40788,76949"
Paraná,41,PR,4100103,Sul,2020,"42366,71"
Paraíba,25,PB,2500106,Nordeste,2000,"2711,39"
Paraíba,25,PB,2500106,Nordeste,2001,"3127,7"
Paraíba,25,PB,2500106,Nordeste,2002,"3557,66"
Paraíba,25,PB,2500106,Nordeste,2003,"4023,7"
Paraíba,25,PB,2500106,Nordeste,2004,"4241,02"
Paraíba,25,PB,2500106,Nordeste,2005,"4691,14"
Paraíba,25,PB,2500106,Nordeste,2006,"5506,55"
Paraíba,25,PB,2500106,Nordeste,2007,"6082,37"
Paraíba,25,PB,2500106,Nordeste,2008,"6865,98"
Paraíba,25,PB,2500106,Nordeste,2009,"7617,76"
Paraíba,25,PB,2500106,Nordeste,2010,"8899,381203"
Paraíba,25,PB,2500106,Nordeste,2011,"9787,93286"
Paraíba,25,PB,2500106,Nordeste,2012,"11136,68279"
Paraíba,25,PB,2500106,Nordeste,2013,"11847,80566"
Paraíba,25,PB,2500106,Nordeste,2014,"13422,42055"
Paraíba,25,PB,2500106,Nordeste,2015,"14133,69468"
Paraíba,25,PB,2500106,Nordeste,2016,"14778,35668"
Paraíba,25,PB,2500106,Nordeste,2017,"15500,15564"
Paraíba,25,PB,2500106,Nordeste,2018,"16107,50902"
Paraíba,25,PB,2500106,Nordeste,2019,"16919,84189"
Paraíba,25,PB,2500106,Nordeste,2020,"17402,13"
Pará,15,PA,1500107,Norte,2000,"3076,43"
Pará,15,PA,1500107,Norte,2001,"3519,78"
Pará,15,PA,1500107,Norte,2002,"3975,88"
Pará,15,PA,1500107,Norte,2003,"4525,42"
Pará,15,PA,1500107,Norte,2004,"5311,11"
Pará,15,PA,1500107,Norte,2005,"5612,31"
Pará,15,PA,1500107,Norte,2006,"6240,06"
Pará,15,PA,1500107,Norte,2007,"6829,34"
Pará,15,PA,1500107,Norte,2008,"7992,71"
Pará,15,PA,1500107,Norte,2009,"7859,17"
Pará,15,PA,1500107,Norte,2010,"10874,9071"
Pará,15,PA,1500107,Norte,2011,"12838,59555"
Pará,15,PA,1500107,Norte,2012,"13741,42351"
Pará,15,PA,1500107,Norte,2013,"15210,80421"
Pará,15,PA,1500107,Norte,2014,"15430,53229"
Pará,15,PA,1500107,Norte,2015,"16011,95055"
Pará,15,PA,1500107,Norte,2016,"16694,32151"
Pará,15,PA,1500107,Norte,2017,"18553,75951"
Pará,15,PA,1500107,Norte,2018,"18952,21224"
Pará,15,PA,1500107,Norte,2019,"20734,6022"
Pará,15,PA,1500107,Norte,2020,"24846,62"
Pernambuco,26,PE,2600054,Nordeste,2000,"3404,64"
Pernambuco,26,PE,2600054,Nordeste,2001,"3776,73"
Pernambuco,26,PE,2600054,Nordeste,2002,"4360,25"
Pernambuco,26,PE,2600054,Nordeste,2003,"4816,13"
Pernambuco,26,PE,2600054,Nordeste,2004,"5341,88"
Pernambuco,26,PE,2600054,Nordeste,2005,"5933,46"
Pernambuco,26,PE,2600054,Nordeste,2006,"6526,63"
Pernambuco,26,PE,2600054,Nordeste,2007,"7246,73"
Pernambuco,26,PE,2600054,Nordeste,2008,"8064,95"
Pernambuco,26,PE,2600054,Nordeste,2009,"8901,87"
Pernambuco,26,PE,2600054,Nordeste,2010,"11049,27318"
Pernambuco,26,PE,2600054,Nordeste,2011,"12426,70356"
Pernambuco,26,PE,2600054,Nordeste,2012,"14330,82993"
Pernambuco,26,PE,2600054,Nordeste,2013,"15328,17347"
Pernambuco,26,PE,2600054,Nordeste,2014,"16722,05357"
Pernambuco,26,PE,2600054,Nordeste,2015,"16796,22919"
Pernambuco,26,PE,2600054,Nordeste,2016,"17783,10905"
Pernambuco,26,PE,2600054,Nordeste,2017,"19170,73804"
Pernambuco,26,PE,2600054,Nordeste,2018,"19623,65268"
Pernambuco,26,PE,2600054,Nordeste,2019,"20702,30288"
Pernambuco,26,PE,2600054,Nordeste,2020,"20101,38"
Piauí,22,PI,2200053,Nordeste,2000,"2132,3"
Piauí,22,PI,2200053,Nordeste,2001,"2252,94"
Piauí,22,PI,2200053,Nordeste,2002,"2561,98"
Piauí,22,PI,2200053,Nordeste,2003,"3002,04"
Piauí,22,PI,2200053,Nordeste,2004,"3328,69"
Piauí,22,PI,2200053,Nordeste,2005,"3701,24"
Piauí,22,PI,2200053,Nordeste,2006,"4211,9"
Piauí,22,PI,2200053,Nordeste,2007,"4611,3"
Piauí,22,PI,2200053,Nordeste,2008,"5372,4"
Piauí,22,PI,2200053,Nordeste,2009,"6051,41"
Piauí,22,PI,2200053,Nordeste,2010,"7139,80187"
Piauí,22,PI,2200053,Nordeste,2011,"8260,717478"
Piauí,22,PI,2200053,Nordeste,2012,"9060,41377"
Piauí,22,PI,2200053,Nordeste,2013,"9824,736842"
Piauí,22,PI,2200053,Nordeste,2014,"11808,08342"
Piauí,22,PI,2200053,Nordeste,2015,"12218,89626"
Piauí,22,PI,2200053,Nordeste,2016,"12893,71602"
Piauí,22,PI,2200053,Nordeste,2017,"14091,92898"
Piauí,22,PI,2200053,Nordeste,2018,"15432,05365"
Piauí,22,PI,2200053,Nordeste,2019,"16124,99979"
Piauí,22,PI,2200053,Nordeste,2020,"17184,7"
Rio Grande do Norte,24,RN,2400109,Nordeste,2000,"3284,31"
Rio Grande do Norte,24,RN,2400109,Nordeste,2001,"3674,12"
Rio Grande do Norte,24,RN,2400109,Nordeste,2002,"4275,64"
Rio Grande do Norte,24,RN,2400109,Nordeste,2003,"4679,6"
Rio Grande do Norte,24,RN,2400109,Nordeste,2004,"5329,77"
Rio Grande do Norte,24,RN,2400109,Nordeste,2005,"5950,48"
Rio Grande do Norte,24,RN,2400109,Nordeste,2006,"6753,08"
Rio Grande do Norte,24,RN,2400109,Nordeste,2007,"7433,45"
Rio Grande do Norte,24,RN,2400109,Nordeste,2008,"8202,81"
Rio Grande do Norte,24,RN,2400109,Nordeste,2009,"8893,61"
Rio Grande do Norte,24,RN,2400109,Nordeste,2010,"11421,39625"
Rio Grande do Norte,24,RN,2400109,Nordeste,2011,"12815,66761"
Rio Grande do Norte,24,RN,2400109,Nordeste,2012,"14377,12568"
Rio Grande do Norte,24,RN,2400109,Nordeste,2013,"15269,43764"
Rio Grande do Norte,24,RN,2400109,Nordeste,2014,"15849,32534"
Rio Grande do Norte,24,RN,2400109,Nordeste,2015,"16632,17786"
Rio Grande do Norte,24,RN,2400109,Nordeste,2016,"17173,35919"
Rio Grande do Norte,24,RN,2400109,Nordeste,2017,"18336,45282"
Rio Grande do Norte,24,RN,2400109,Nordeste,2018,"19249,60319"
Rio Grande do Norte,24,RN,2400109,Nordeste,2019,"20342,10735"
Rio Grande do Norte,24,RN,2400109,Nordeste,2020,"20342,11"
Rio Grande do Sul,43,RS,4300001,Sul,2000,"8030,66"
Rio Grande do Sul,43,RS,4300001,Sul,2001,"8953,43"
Rio Grande do Sul,43,RS,4300001,Sul,2002,"10134,75"
Rio Grande do Sul,43,RS,4300001,Sul,2003,"11849,6"
Rio Grande do Sul,43,RS,4300001,Sul,2004,"12986,65"
Rio Grande do Sul,43,RS,4300001,Sul,2005,"13298,13"
Rio Grande do Sul,43,RS,4300001,Sul,2006,"14304,83"
Rio Grande do Sul,43,RS,4300001,Sul,2007,"15939,53"
Rio Grande do Sul,43,RS,4300001,Sul,2008,"18377,73"
Rio Grande do Sul,43,RS,4300001,Sul,2009,"19778,55"
Rio Grande do Sul,43,RS,4300001,Sul,2010,"22556,06957"
Rio Grande do Sul,43,RS,4300001,Sul,2011,"24695,39508"
Rio Grande do Sul,43,RS,4300001,Sul,2012,"26701,10658"
Rio Grande do Sul,43,RS,4300001,Sul,2013,"29764,5509"
Rio Grande do Sul,43,RS,4300001,Sul,2014,"31927,15943"
Rio Grande do Sul,43,RS,4300001,Sul,2015,"33961,01992"
Rio Grande do Sul,43,RS,4300001,Sul,2016,"36219,33532"
Rio Grande do Sul,43,RS,4300001,Sul,2017,"37381,78684"
Rio Grande do Sul,43,RS,4300001,Sul,2018,"40362,745"
Rio Grande do Sul,43,RS,4300001,Sul,2019,"42406,08618"
Rio Grande do Sul,43,RS,4300001,Sul,2020,"41227,61"
Rio de Janeiro,33,RJ,3300100,Sudeste,2000,"9711,07"
Rio de Janeiro,33,RJ,3300100,Sudeste,2001,"10447,39"
Rio de Janeiro,33,RJ,3300100,Sudeste,2002,"11638,58"
Rio de Janeiro,33,RJ,3300100,Sudeste,2003,"12636,14"
Rio de Janeiro,33,RJ,3300100,Sudeste,2004,"14830,06"
Rio de Janeiro,33,RJ,3300100,Sudeste,2005,"16057,38"
Rio de Janeiro,33,RJ,3300100,Sudeste,2006,"17692,59"
Rio de Janeiro,33,RJ,3300100,Sudeste,2007,"18856,12"
Rio de Janeiro,33,RJ,3300100,Sudeste,2008,"21621,36"
Rio de Janeiro,33,RJ,3300100,Sudeste,2009,"22103,04"
Rio de Janeiro,33,RJ,3300100,Sudeste,2010,"28127,41217"
Rio de Janeiro,33,RJ,3300100,Sudeste,2011,"31823,87836"
Rio de Janeiro,33,RJ,3300100,Sudeste,2012,"35418,15326"
Rio de Janeiro,33,RJ,3300100,Sudeste,2013,"38378,59366"
Rio de Janeiro,33,RJ,3300100,Sudeste,2014,"40767,25543"
Rio de Janeiro,33,RJ,3300100,Sudeste,2015,"39827,06924"
Rio de Janeiro,33,RJ,3300100,Sudeste,2016,"38494,91226"
Rio de Janeiro,33,RJ,3300100,Sudeste,2017,"40170,31136"
Rio de Janeiro,33,RJ,3300100,Sudeste,2018,"44222,65826"
Rio de Janeiro,33,RJ,3300100,Sudeste,2019,"45174,08005"
Rio de Janeiro,33,RJ,3300100,Sudeste,2020,"43407,55"
Rondônia,11,RO,1100015,Norte,2000,"4309,46"
Rondônia,11,RO,1100015,Norte,2001,"4651,54"
Rondônia,11,RO,1100015,Norte,2002,"5433,73"
Rondônia,11,RO,1100015,Norte,2003,"6697,39"
Rondônia,11,RO,1100015,Norte,2004,"7608,7"
Rondônia,11,RO,1100015,Norte,2005,"8395,79"
Rondônia,11,RO,1100015,Norte,2006,"8389,27"
Rondônia,11,RO,1100015,Norte,2007,"9435,52"
Rondônia,11,RO,1100015,Norte,2008,"11976,57"
Rondônia,11,RO,1100015,Norte,2009,"13455,71"
Rondônia,11,RO,1100015,Norte,2010,"15320,64823"
Rondônia,11,RO,1100015,Norte,2011,"17491,59626"
Rondônia,11,RO,1100015,Norte,2012,"18938,68679"
Rondônia,11,RO,1100015,Norte,2013,"18007,84656"
Rondônia,11,RO,1100015,Norte,2014,"19462,61289"
Rondônia,11,RO,1100015,Norte,2015,"20678,23209"
Rondônia,11,RO,1100015,Norte,2016,"22078,455"
Rondônia,11,RO,1100015,Norte,2017,"24098,14856"
Rondônia,11,RO,1100015,Norte,2018,"25554,31246"
Rondônia,11,RO,1100015,Norte,2019,"26497,11534"
Rondônia,11,RO,1100015,Norte,2020,"28722,45"
Roraima,14,RR,1400027,Norte,2000,"5476,79"
Roraima,14,RR,1400027,Norte,2001,"6028,53"
Roraima,14,RR,1400027,Norte,2002,"6667,26"
Roraima,14,RR,1400027,Norte,2003,"7660,32"
Roraima,14,RR,1400027,Norte,2004,"7645,01"
Roraima,14,RR,1400027,Norte,2005,"8124,56"
Roraima,14,RR,1400027,Norte,2006,"9074,44"
Roraima,14,RR,1400027,Norte,2007,"10038,02"
Roraima,14,RR,1400027,Norte,2008,"11844,72"
Roraima,14,RR,1400027,Norte,2009,"13270,54"
Roraima,14,RR,1400027,Norte,2010,"14713,54878"
Roraima,14,RR,1400027,Norte,2011,"15871,95738"
Roraima,14,RR,1400027,Norte,2012,"16424,01052"
Roraima,14,RR,1400027,Norte,2013,"18461,8771"
Roraima,14,RR,1400027,Norte,2014,"19608,40492"
Roraima,14,RR,1400027,Norte,2015,"20256,30632"
Roraima,14,RR,1400027,Norte,2016,"21416,98973"
Roraima,14,RR,1400027,Norte,2017,"23160,87898"
Roraima,14,RR,1400027,Norte,2018,"23188,91739"
Roraima,14,RR,1400027,Norte,2019,"23593,83838"
Roraima,14,RR,1400027,Norte,2020,"25387,77"
Santa Catarina,42,SC,4200051,Sul,2000,"8086,07"
Santa Catarina,42,SC,4200051,Sul,2001,"8946,76"
Santa Catarina,42,SC,4200051,Sul,2002,"10082,26"
Santa Catarina,42,SC,4200051,Sul,2003,11922
Santa Catarina,42,SC,4200051,Sul,2004,"13609,94"
Santa Catarina,42,SC,4200051,Sul,2005,"14542,74"
Santa Catarina,42,SC,4200051,Sul,2006,"15633,12"
Santa Catarina,42,SC,4200051,Sul,2007,"17295,19"
Santa Catarina,42,SC,4200051,Sul,2008,"20368,53"
Santa Catarina,42,SC,4200051,Sul,2009,"21214,59"
Santa Catarina,42,SC,4200051,Sul,2010,"24597,4127"
Santa Catarina,42,SC,4200051,Sul,2011,"27555,30058"
Santa Catarina,42,SC,4200051,Sul,2012,"30046,3824"
Santa Catarina,42,SC,4200051,Sul,2013,"32334,04111"
Santa Catarina,42,SC,4200051,Sul,2014,"36055,8993"
Santa Catarina,42,SC,4200051,Sul,2015,"36526,27985"
Santa Catarina,42,SC,4200051,Sul,2016,"37153,99745"
Santa Catarina,42,SC,4200051,Sul,2017,"39603,46528"
Santa Catarina,42,SC,4200051,Sul,2018,"42149,29587"
Santa Catarina,42,SC,4200051,Sul,2019,"45118,41207"
Santa Catarina,42,SC,4200051,Sul,2020,"48159,24"
Sergipe,28,SE,2800100,Nordeste,2000,"3664,83"
Sergipe,28,SE,2800100,Nordeste,2001,"4412,5"
Sergipe,28,SE,2800100,Nordeste,2002,"5121,47"
Sergipe,28,SE,2800100,Nordeste,2003,"5800,63"
Sergipe,28,SE,2800100,Nordeste,2004,"6393,6"
Sergipe,28,SE,2800100,Nordeste,2005,"6823,52"
Sergipe,28,SE,2800100,Nordeste,2006,"7559,23"
Sergipe,28,SE,2800100,Nordeste,2007,"8308,96"
Sergipe,28,SE,2800100,Nordeste,2008,"9778,96"
Sergipe,28,SE,2800100,Nordeste,2009,"9786,89"
Sergipe,28,SE,2800100,Nordeste,2010,"12768,13221"
Sergipe,28,SE,2800100,Nordeste,2011,"13928,60906"
Sergipe,28,SE,2800100,Nordeste,2012,"15563,83268"
Sergipe,28,SE,2800100,Nordeste,2013,"16093,5454"
Sergipe,28,SE,2800100,Nordeste,2014,"16882,71331"
Sergipe,28,SE,2800100,Nordeste,2015,"17190,1977"
Sergipe,28,SE,2800100,Nordeste,2016,"17158,53068"
Sergipe,28,SE,2800100,Nordeste,2017,"17792,57964"
Sergipe,28,SE,2800100,Nordeste,2018,"18442,62553"
Sergipe,28,SE,2800100,Nordeste,2019,"19441,23228"
Sergipe,28,SE,2800100,Nordeste,2020,"19583,07"
São Paulo,35,SP,3500105,Sudeste,2000,"11453,79"
São Paulo,35,SP,3500105,Sudeste,2001,"12316,67"
São Paulo,35,SP,3500105,Sudeste,2002,"13404,04"
São Paulo,35,SP,3500105,Sudeste,2003,"14979,51"
São Paulo,35,SP,3500105,Sudeste,2004,"16399,03"
São Paulo,35,SP,3500105,Sudeste,2005,"17975,6"
São Paulo,35,SP,3500105,Sudeste,2006,"19550,35"
São Paulo,35,SP,3500105,Sudeste,2007,"21668,43"
São Paulo,35,SP,3500105,Sudeste,2008,"24456,84"
São Paulo,35,SP,3500105,Sudeste,2009,"26202,18"
São Paulo,35,SP,3500105,Sudeste,2010,"31384,92599"
São Paulo,35,SP,3500105,Sudeste,2011,"34546,04616"
São Paulo,35,SP,3500105,Sudeste,2012,"37207,35293"
São Paulo,35,SP,3500105,Sudeste,2013,"39282,96581"
São Paulo,35,SP,3500105,Sudeste,2014,"42197,8705"
São Paulo,35,SP,3500105,Sudeste,2015,"43694,94456"
São Paulo,35,SP,3500105,Sudeste,2016,"45559,13061"
São Paulo,35,SP,3500105,Sudeste,2017,"47028,89316"
São Paulo,35,SP,3500105,Sudeste,2018,"48542,23975"
São Paulo,35,SP,3500105,Sudeste,2019,"51140,82394"
São Paulo,35,SP,3500105,Sudeste,2020,"51364,73"
Tocantins,17,TO,1700251,Norte,2000,"3173,22"
Tocantins,17,TO,1700251,Norte,2001,"4087,64"
Tocantins,17,TO,1700251,Norte,2002,"4645,51"
Tocantins,17,TO,1700251,Norte,2003,"5886,21"
Tocantins,17,TO,1700251,Norte,2004,"6605,05"
Tocantins,17,TO,1700251,Norte,2005,"6939,47"
Tocantins,17,TO,1700251,Norte,2006,"7208,33"
Tocantins,17,TO,1700251,Norte,2007,"8164,07"
Tocantins,17,TO,1700251,Norte,2008,"10222,71"
Tocantins,17,TO,1700251,Norte,2009,"11277,6"
Tocantins,17,TO,1700251,Norte,2010,"11857,87742"
Tocantins,17,TO,1700251,Norte,2011,"13095,71882"
Tocantins,17,TO,1700251,Norte,2012,"14590,19361"
Tocantins,17,TO,1700251,Norte,2013,"16098,79311"
Tocantins,17,TO,1700251,Norte,2014,"17495,93998"
Tocantins,17,TO,1700251,Norte,2015,"19094,31347"
Tocantins,17,TO,1700251,Norte,2016,"20604,58933"
Tocantins,17,TO,1700251,Norte,2017,"22002,49258"
Tocantins,17,TO,1700251,Norte,2018,"22933,07486"
Tocantins,17,TO,1700251,Norte,2019,"25021,80174"
Tocantins,17,TO,1700251,Norte,2020,"27448,43"
