Código_UF,Estado,UF,Código_IBGE,Município,Região,Latitude,Longitude
41,Paraná,PR,4119301,Pinhão,Sul,-25.696089,-51.656637
41,Paraná,PR,4119400,Piraí do Sul,Sul,-24.53466,-49.939922
41,Paraná,PR,4119509,Piraquara,Sul,-25.442327,-49.060447
41,Paraná,PR,4119608,Pitanga,Sul,-24.759586,-51.763758
41,Paraná,PR,4119657,Pitangueiras,Sul,-23.233359,-51.585563
41,Paraná,PR,4119707,Planaltina do Paraná,Sul,-23.022872,-52.916031
41,Paraná,PR,4119806,Planalto,Sul,-25.718449,-53.767216
41,Paraná,PR,4119905,Ponta Grossa,Sul,-25.089168,-50.160181
41,Paraná,PR,4119954,Pontal do Paraná,Sul,-25.574765,-48.361481
41,Paraná,PR,4120002,Porecatu,Sul,-22.753724,-51.37949
41,Paraná,PR,4120101,Porto Amazonas,Sul,-25.549423,-49.897381
41,Paraná,PR,4120150,Porto Barreiro,Sul,-25.54667,-52.409026
41,Paraná,PR,4120200,Porto Rico,Sul,-22.774742,-53.267731
41,Paraná,PR,4120309,Porto Vitória,Sul,-26.160567,-51.22394
41,Paraná,PR,4120333,Prado Ferreira,Sul,-23.039784,-51.443124
41,Paraná,PR,4120358,Pranchita,Sul,-26.02094,-53.739683
41,Paraná,PR,4120408,Presidente Castelo Branco,Sul,-23.279084,-52.152877
41,Paraná,PR,4120507,Primeiro de Maio,Sul,-22.851714,-51.029251
41,Paraná,PR,4120606,Prudentópolis,Sul,-25.203358,-50.989577
41,Paraná,PR,4120655,Quarto Centenário,Sul,-24.27904,-53.075881
41,Paraná,PR,4120705,Quatiguá,Sul,-23.566963,-49.916032
41,Paraná,PR,4120804,Quatro Barras,Sul,-25.370899,-49.074567
41,Paraná,PR,4120853,Quatro Pontes,Sul,-24.574106,-53.978024
41,Paraná,PR,4120903,Quedas do Iguaçu,Sul,-25.453001,-52.909043
41,Paraná,PR,4121000,Querência do Norte,Sul,-23.083758,-53.483022
41,Paraná,PR,4121109,Quinta do Sol,Sul,-23.849417,-52.133445
41,Paraná,PR,4121208,Quitandinha,Sul,-25.873727,-49.497772
41,Paraná,PR,4121257,Ramilândia,Sul,-25.11902,-54.030118
41,Paraná,PR,4121307,Rancho Alegre,Sul,-23.070922,-50.914268
41,Paraná,PR,4121356,Rancho Alegre D'Oeste,Sul,-24.306521,-52.955179
41,Paraná,PR,4121406,Realeza,Sul,-25.772026,-53.533831
41,Paraná,PR,4121505,Rebouças,Sul,-25.4445,-49.2647
41,Paraná,PR,4121604,Renascença,Sul,-26.158837,-52.970349
41,Paraná,PR,4121703,Reserva,Sul,-24.654534,-50.848443
41,Paraná,PR,4121752,Reserva do Iguaçu,Sul,-25.83651,-52.028256
41,Paraná,PR,4121802,Ribeirão Claro,Sul,-23.196049,-49.756833
41,Paraná,PR,4121901,Ribeirão do Pinhal,Sul,-23.406309,-50.358195
41,Paraná,PR,4122008,Rio Azul,Sul,-25.726644,-50.790534
41,Paraná,PR,4122107,Rio Bom,Sul,-23.766054,-51.409435
41,Paraná,PR,4122156,Rio Bonito do Iguaçu,Sul,-25.490391,-52.526207
41,Paraná,PR,4122172,Rio Branco do Ivaí,Sul,-24.31934,-51.313967
41,Paraná,PR,4122206,Rio Branco do Sul,Sul,-25.188537,-49.311908
41,Paraná,PR,4122305,Rio Negro,Sul,-26.104767,-49.798277
41,Paraná,PR,4122404,Rolândia,Sul,-23.31199,-51.367415
41,Paraná,PR,4122503,Roncador,Sul,-24.593206,-52.273151
41,Paraná,PR,4122602,Rondon,Sul,-23.417184,-52.772222
41,Paraná,PR,4122651,Rosário do Ivaí,Sul,-24.254537,-51.250503
41,Paraná,PR,4122701,Sabáudia,Sul,-23.319019,-51.554411
41,Paraná,PR,4122800,Salgado Filho,Sul,-26.173092,-53.36299
41,Paraná,PR,4122909,Salto do Itararé,Sul,-23.603877,-49.626581
41,Paraná,PR,4123006,Salto do Lontra,Sul,-25.781564,-53.30852
41,Paraná,PR,4123105,Santa Amélia,Sul,-23.2662,-50.427862
41,Paraná,PR,4123204,Santa Cecília do Pavão,Sul,-23.5175325,-50.784484500000005
41,Paraná,PR,4123303,Santa Cruz de Monte Castelo,Sul,-22.958203,-53.294859
41,Paraná,PR,4123402,Santa Fé,Sul,-23.039993,-51.808014
41,Paraná,PR,4123501,Santa Helena,Sul,-24.859173,-54.332881
41,Paraná,PR,4123600,Santa Inês,Sul,-22.640225,-51.903133
41,Paraná,PR,4123709,Santa Isabel do Ivaí,Sul,-23.001382,-53.194088
41,Paraná,PR,4123808,Santa Izabel do Oeste,Sul,-25.821652,-53.480146
41,Paraná,PR,4123824,Santa Lúcia,Sul,-25.407943,-53.567725
41,Paraná,PR,4123857,Santa Maria do Oeste,Sul,-24.939235,-51.871224
41,Paraná,PR,4123907,Santa Mariana,Sul,-23.149937,-50.519959
41,Paraná,PR,4123956,Santa Mônica,Sul,-23.108592,-53.110397
41,Paraná,PR,4124004,Santana do Itararé,Sul,-23.756622,-49.629283
41,Paraná,PR,4124020,Santa Tereza do Oeste,Sul,-25.051196,-53.616183
41,Paraná,PR,4124053,Santa Terezinha de Itaipu,Sul,-25.439081,-54.40199
41,Paraná,PR,4124103,Santo Antônio da Platina,Sul,-23.295716,-50.077896
41,Paraná,PR,4124202,Santo Antônio do Caiuá,Sul,-22.7356925,-52.3432155
41,Paraná,PR,4124301,Santo Antônio do Paraíso,Sul,-23.494925,-50.646866
41,Paraná,PR,4124400,Santo Antônio do Sudoeste,Sul,-26.072712,-53.725556
41,Paraná,PR,4124509,Santo Inácio,Sul,-25.4252,-49.3286
41,Paraná,PR,4124608,São Carlos do Ivaí,Sul,-23.315828,-52.476143
41,Paraná,PR,4124707,São Jerônimo da Serra,Sul,-23.722127,-50.738916
41,Paraná,PR,4124806,São João,Sul,-25.3915,-49.3115
41,Paraná,PR,4124905,São João do Caiuá,Sul,-22.854485,-52.337111
41,Paraná,PR,4125001,São João do Ivaí,Sul,-23.991406,-51.823215
41,Paraná,PR,4125100,São João do Triunfo,Sul,-25.682971,-50.29492
41,Paraná,PR,4125209,São Jorge d'Oeste,Sul,-25.708697,-52.918988
41,Paraná,PR,4125308,São Jorge do Ivaí,Sul,-23.432732,-52.292455
41,Paraná,PR,4125357,São Jorge do Patrocínio,Sul,-23.761291,-53.880625
41,Paraná,PR,4125407,São José da Boa Vista,Sul,-23.917187,-49.650802
41,Paraná,PR,4125456,São José das Palmeiras,Sul,-24.835086,-54.062149
41,Paraná,PR,4125506,São José dos Pinhais,Sul,-25.533816,-49.207216
41,Paraná,PR,4125555,São Manoel do Paraná,Sul,-23.394137,-52.645376
41,Paraná,PR,4125605,São Mateus do Sul,Sul,-25.866823,-50.382796
41,Paraná,PR,4125704,São Miguel do Iguaçu,Sul,-25.349171,-54.240498
41,Paraná,PR,4125753,São Pedro do Iguaçu,Sul,-24.931166,-53.857004
41,Paraná,PR,4125803,São Pedro do Ivaí,Sul,-23.866038,-51.856371
41,Paraná,PR,4125902,São Pedro do Paraná,Sul,-22.824097,-53.222755
41,Paraná,PR,4126009,São Sebastião da Amoreira,Sul,-23.46475,-50.760517
41,Paraná,PR,4126108,São Tomé,Sul,-23.534946,-52.590125
41,Paraná,PR,4126207,Sapopema,Sul,-23.91051,-50.579132
41,Paraná,PR,4126256,Sarandi,Sul,-23.444117,-51.876016
41,Paraná,PR,4126272,Saudade do Iguaçu,Sul,-25.691553,-52.618486
41,Paraná,PR,4126306,Sengés,Sul,-24.114177,-49.46442
41,Paraná,PR,4126355,Serranópolis do Iguaçu,Sul,-25.379883,-54.05388
41,Paraná,PR,4126405,Sertaneja,Sul,-23.036763,-50.816802
41,Paraná,PR,4126504,Sertanópolis,Sul,-23.060043,-51.037354
41,Paraná,PR,4126603,Siqueira Campos,Sul,-23.687481,-49.830416
41,Paraná,PR,4126652,Sulina,Sul,-25.700133,-52.720783
41,Paraná,PR,4126678,Tamarana,Sul,-23.722379,-51.093601
41,Paraná,PR,4126702,Tamboara,Sul,-23.199507,-52.500013
41,Paraná,PR,4126801,Tapejara,Sul,-23.733441,-52.870174
41,Paraná,PR,4126900,Tapira,Sul,-23.323146,-53.071203
41,Paraná,PR,4127007,Teixeira Soares,Sul,-25.371929,-50.458629
41,Paraná,PR,4127106,Telêmaco Borba,Sul,-24.328294,-50.631802
41,Paraná,PR,4127205,Terra Boa,Sul,-23.768329,-52.447002
41,Paraná,PR,4127304,Terra Rica,Sul,-22.726487,-52.620254
41,Paraná,PR,4127403,Terra Roxa,Sul,-24.167047,-54.097432
41,Paraná,PR,4127502,Tibagi,Sul,-24.515167,-50.410149
41,Paraná,PR,4127601,Tijucas do Sul,Sul,-25.927338,-49.179265
41,Paraná,PR,4127700,Toledo,Sul,-24.722244,-53.740248
41,Paraná,PR,4127809,Tomazina,Sul,-23.777794,-49.954648
41,Paraná,PR,4127858,Três Barras do Paraná,Sul,-25.42127,-53.183758
41,Paraná,PR,4127882,Tunas do Paraná,Sul,-24.9737195,-49.0853935
41,Paraná,PR,4127908,Tuneiras do Oeste,Sul,-23.868241,-52.87493
41,Paraná,PR,4127957,Tupãssi,Sul,-24.587949000000002,-53.511753999999996
41,Paraná,PR,4127965,Turvo,Sul,-25.043933,-51.539217
41,Paraná,PR,4128005,Ubiratã,Sul,-24.542725,-52.989968
41,Paraná,PR,4128104,Umuarama,Sul,-23.762115,-53.311619
41,Paraná,PR,4128203,União da Vitória,Sul,-26.228596,-51.08698
41,Paraná,PR,4128302,Uniflor,Sul,-23.085387,-52.15844
41,Paraná,PR,4128401,Uraí,Sul,-23.199997,-50.793873
41,Paraná,PR,4128500,Wenceslau Braz,Sul,-23.874884,-49.803587
41,Paraná,PR,4128534,Ventania,Sul,-24.247077,-50.245452
41,Paraná,PR,4128559,Vera Cruz do Oeste,Sul,-25.058614,-53.878565
41,Paraná,PR,4128609,Verê,Sul,-25.881231,-52.908176
41,Paraná,PR,4128625,Alto Paraíso,Sul,-23.508137,-53.728537
41,Paraná,PR,4128633,Doutor Ulysses,Sul,-24.566171,-49.420301
41,Paraná,PR,4128658,Virmond,Sul,-25.381665,-52.20346
41,Paraná,PR,4128708,Vitorino,Sul,-26.264769,-52.780439
41,Paraná,PR,4128807,Xambrê,Sul,-23.736172,-53.488171
42,Santa Catarina,SC,4200051,Abdon Batista,Sul,-26.3055442,-48.8434451
42,Santa Catarina,SC,4200101,Abelardo Luz,Sul,-27.8063863,-50.3441844
42,Santa Catarina,SC,4200200,Agrolândia,Sul,-27.412069,-49.829462
42,Santa Catarina,SC,4200309,Agronômica,Sul,-27.5781,-48.5357
42,Santa Catarina,SC,4200408,Água Doce,Sul,-26.998605,-51.552931
42,Santa Catarina,SC,4200507,Águas de Chapecó,Sul,-27.074112,-52.987905
42,Santa Catarina,SC,4200556,Águas Frias,Sul,-26.881719,-52.859976
42,Santa Catarina,SC,4200606,Águas Mornas,Sul,-26.3397543,-48.821478
42,Santa Catarina,SC,4200705,Alfredo Wagner,Sul,-27.8107687,-50.3473949
42,Santa Catarina,SC,4200754,Alto Bela Vista,Sul,-27.432074,-51.905771
42,Santa Catarina,SC,4200804,Anchieta,Sul,-26.535053,-53.329394
42,Santa Catarina,SC,4200903,Angelina,Sul,-26.3407421,-48.8341996
42,Santa Catarina,SC,4201000,Anita Garibaldi,Sul,-26.3218393,-48.8540593
42,Santa Catarina,SC,4201109,Anitápolis,Sul,-27.904118,-49.12874
42,Santa Catarina,SC,4201208,Antônio Carlos,Sul,-27.516846,-48.768472
42,Santa Catarina,SC,4201257,Apiúna,Sul,-27.037466,-49.388504
42,Santa Catarina,SC,4201273,Arabutã,Sul,-27.158703,-52.143814
42,Santa Catarina,SC,4201307,Araquari,Sul,-26.2935865,-48.8556375
42,Santa Catarina,SC,4201406,Araranguá,Sul,-28.934883,-49.485839
42,Santa Catarina,SC,4201505,Armazém,Sul,-26.3388718,-48.8339795
42,Santa Catarina,SC,4201604,Arroio Trinta,Sul,-26.3364421,-48.8355896
42,Santa Catarina,SC,4201653,Arvoredo,Sul,-27.21,-52.03
42,Santa Catarina,SC,4201703,Ascurra,Sul,-26.4127745,-48.784252
42,Santa Catarina,SC,4201802,Atalanta,Sul,-27.421916,-49.778863
42,Santa Catarina,SC,4201901,Aurora,Sul,-26.3248378,-48.8265164
42,Santa Catarina,SC,4201950,Balneário Arroio do Silva,Sul,-28.981527,-49.418993
42,Santa Catarina,SC,4202008,Balneário Camboriú,Sul,-26.992439,-48.633978
42,Santa Catarina,SC,4202057,Balneário Barra do Sul,Sul,-26.416791,-48.7894021
42,Santa Catarina,SC,4202073,Balneário Gaivota,Sul,-29.15531,-49.580871
42,Santa Catarina,SC,4202081,Bandeirante,Sul,-26.767345,-53.639172
42,Santa Catarina,SC,4202099,Barra Bonita,Sul,-26.652636,-53.441958
42,Santa Catarina,SC,4202107,Barra Velha,Sul,-26.3383254,-48.8393788
42,Santa Catarina,SC,4202131,Bela Vista do Toldo,Sul,-26.274625,-50.466354
42,Santa Catarina,SC,4202156,Belmonte,Sul,-26.3236753,-48.8465835
42,Santa Catarina,SC,4202206,Benedito Novo,Sul,-26.3361784,-48.8355803
42,Santa Catarina,SC,4202305,Biguaçu,Sul,-27.496128,-48.654243
42,Santa Catarina,SC,4202404,Blumenau,Sul,-26.919557,-49.065803
42,Santa Catarina,SC,4202438,Bocaina do Sul,Sul,-27.745494,-49.942279
42,Santa Catarina,SC,4202453,Bombinhas,Sul,-27.154416,-48.509332
42,Santa Catarina,SC,4202503,Bom Jardim da Serra,Sul,-28.338032,-49.625588
42,Santa Catarina,SC,4202537,Bom Jesus,Sul,-27.2922,-50.5659
42,Santa Catarina,SC,4202578,Bom Jesus do Oeste,Sul,-26.692971,-53.096745
42,Santa Catarina,SC,4202602,Bom Retiro,Sul,-26.2609,-48.8419
42,Santa Catarina,SC,4202701,Botuverá,Sul,-27.200749,-49.068892
42,Santa Catarina,SC,4202800,Braço do Norte,Sul,-26.3092548,-48.856572
42,Santa Catarina,SC,4202859,Braço do Trombudo,Sul,-27.358578,-49.882145
42,Santa Catarina,SC,4202875,Brunópolis,Sul,-27.310953,-50.837585
42,Santa Catarina,SC,4202909,Brusque,Sul,-26.7788875,-51.0307747
42,Santa Catarina,SC,4203006,Caçador,Sul,-26.3148578,-48.8590367
42,Santa Catarina,SC,4203105,Caibi,Sul,-26.3324511,-48.8291585
42,Santa Catarina,SC,4203154,Calmon,Sul,-26.602364,-51.099289
42,Santa Catarina,SC,4203204,Camboriú,Sul,-27.02736,-48.653566
42,Santa Catarina,SC,4203253,Capão Alto,Sul,-27.938283,-50.511491
42,Santa Catarina,SC,4203303,Campo Alegre,Sul,-26.41349,-48.7857024
42,Santa Catarina,SC,4203402,Campo Belo do Sul,Sul,-27.89893,-50.759562
42,Santa Catarina,SC,4203501,Campo Erê,Sul,-26.3357256,-48.8359314
42,Santa Catarina,SC,4203600,Campos Novos,Sul,-26.3051517,-48.8648603
42,Santa Catarina,SC,4203709,Canelinha,Sul,-27.266034,-48.766671
42,Santa Catarina,SC,4203808,Canoinhas,Sul,-26.175512,-50.394959
42,Santa Catarina,SC,4203907,Capinzal,Sul,-26.286233,-48.8426193
42,Santa Catarina,SC,4203956,Capivari de Baixo,Sul,-28.449773,-48.963144
42,Santa Catarina,SC,4204004,Catanduvas,Sul,-27.068972,-51.660158
42,Santa Catarina,SC,4204103,Caxambu do Sul,Sul,-27.161505,-52.879668
42,Santa Catarina,SC,4204152,Celso Ramos,Sul,-27.63358,-51.336811
42,Santa Catarina,SC,4204178,Cerro Negro,Sul,-27.4779,-49.5757
42,Santa Catarina,SC,4204194,Chapadão do Lageado,Sul,-27.590507,-49.553879
42,Santa Catarina,SC,4204202,Chapecó,Sul,-26.2926317,-48.8397533
42,Santa Catarina,SC,4204251,Cocal do Sul,Sul,-28.600735,-49.32487
42,Santa Catarina,SC,4204301,Concórdia,Sul,-26.3162959,-48.857357
42,Santa Catarina,SC,4204350,Cordilheira Alta,Sul,-26.985395,-52.603549
42,Santa Catarina,SC,4204400,Coronel Freitas,Sul,-26.3348367,-48.8348986
42,Santa Catarina,SC,4204459,Coronel Martins,Sul,-26.512472,-52.668176
42,Santa Catarina,SC,4204509,Corupá,Sul,-26.314165,-48.8563925
42,Santa Catarina,SC,4204558,Correia Pinto,Sul,-27.8123141,-50.324779
42,Santa Catarina,SC,4204608,Criciúma,Sul,-28.678994,-49.369563
42,Santa Catarina,SC,4204707,Cunha Porã,Sul,-26.3372725,-48.8458962
42,Santa Catarina,SC,4204756,Cunhataí,Sul,-26.973501,-53.091401
42,Santa Catarina,SC,4204806,Curitibanos,Sul,-27.290066,-50.577968
42,Santa Catarina,SC,4204905,Descanso,Sul,-26.3390809,-48.823464
42,Santa Catarina,SC,4205001,Dionísio Cerqueira,Sul,-26.2849648,-48.8373863
42,Santa Catarina,SC,4205100,Dona Emma,Sul,-26.3370895,-48.8567906
42,Santa Catarina,SC,4205159,Doutor Pedrinho,Sul,-26.716408,-49.482726
42,Santa Catarina,SC,4205175,Entre Rios,Sul,-26.723646,-52.563845
42,Santa Catarina,SC,4205191,Ermo,Sul,-28.984922,-49.64272
42,Santa Catarina,SC,4205209,Erval Velho,Sul,-27.274786,-51.442971
42,Santa Catarina,SC,4205308,Faxinal dos Guedes,Sul,-26.849422,-52.258649
42,Santa Catarina,SC,4205357,Flor do Sertão,Sul,-26.778469,-53.347882
42,Santa Catarina,SC,4205407,Florianópolis,Sul,-27.5973,-48.54961
42,Santa Catarina,SC,4205431,Formosa do Sul,Sul,-26.647883,-52.793437
42,Santa Catarina,SC,4205456,Forquilhinha,Sul,-28.74876,-49.473766
42,Santa Catarina,SC,4205506,Fraiburgo,Sul,-26.2796994,-48.8222639
42,Santa Catarina,SC,4205555,Frei Rogério,Sul,-27.8131167,-50.3212341
42,Santa Catarina,SC,4205605,Galvão,Sul,-26.455359,-52.686976
42,Santa Catarina,SC,4205704,Garopaba,Sul,-28.02748,-48.62402
42,Santa Catarina,SC,4205803,Garuva,Sul,-26.415021,-48.7887025
42,Santa Catarina,SC,4205902,Gaspar,Sul,-26.930731,-48.956682
42,Santa Catarina,SC,4206009,Governador Celso Ramos,Sul,-27.317161,-48.557608
42,Santa Catarina,SC,4206108,Grão-Pará,Sul,-26.3284502,-48.8357738
42,Santa Catarina,SC,4206207,Gravatal,Sul,-26.3294256,-48.8428637
42,Santa Catarina,SC,4206306,Guabiruba,Sul,-27.086433,-48.978132
42,Santa Catarina,SC,4206405,Guaraciaba,Sul,-26.3235393,-48.8417878
42,Santa Catarina,SC,4206504,Guaramirim,Sul,-26.47448,-48.998115
42,Santa Catarina,SC,4206603,Guarujá do Sul,Sul,-26.385027,-53.527794
42,Santa Catarina,SC,4206652,Guatambú,Sul,-27.133314,-52.78521
42,Santa Catarina,SC,4206702,Herval d'Oeste,Sul,-27.808179,-50.3470749
42,Santa Catarina,SC,4206751,Ibiam,Sul,-27.184658,-51.235154
42,Santa Catarina,SC,4206801,Ibicaré,Sul,-26.2785349,-48.8014627
42,Santa Catarina,SC,4206900,Ibirama,Sul,-26.282634,-48.8384974
42,Santa Catarina,SC,4207007,Içara,Sul,-28.711655,-49.297144
42,Santa Catarina,SC,4207106,Ilhota,Sul,-27.06,-48.6
42,Santa Catarina,SC,4207205,Imaruí,Sul,-26.3323018,-48.8112873
42,Santa Catarina,SC,4207304,Imbituba,Sul,-26.3239093,-48.8517352
42,Santa Catarina,SC,4207403,Imbuia,Sul,-27.49082,-49.421766
42,Santa Catarina,SC,4207502,Indaial,Sul,-26.2774045,-48.8412869
42,Santa Catarina,SC,4207577,Iomerê,Sul,-27.001967,-51.240551
42,Santa Catarina,SC,4207601,Ipira,Sul,-26.3423866,-48.8499458
42,Santa Catarina,SC,4207650,Iporã do Oeste,Sul,-26.988409,-53.534441
42,Santa Catarina,SC,4207684,Ipuaçu,Sul,-26.634987,-52.455592
42,Santa Catarina,SC,4207700,Ipumirim,Sul,-26.3395525,-48.8514633
42,Santa Catarina,SC,4207759,Iraceminha,Sul,-26.823708,-53.272834
42,Santa Catarina,SC,4207809,Irani,Sul,-26.3372115,-48.8508729
42,Santa Catarina,SC,4207858,Irati,Sul,-26.3189892,-48.8252457
42,Santa Catarina,SC,4207908,Irineópolis,Sul,-27.806551,-50.3473262
42,Santa Catarina,SC,4208005,Itá,Sul,-26.7745813,-51.030006
42,Santa Catarina,SC,4208104,Itaiópolis,Sul,-26.2872541,-48.8443866
42,Santa Catarina,SC,4208203,Itajaí,Sul,-26.911788,-48.666985
42,Santa Catarina,SC,4208302,Itapema,Sul,-27.09472,-48.613778
42,Santa Catarina,SC,4208401,Itapiranga,Sul,-26.2814261,-48.8405315
42,Santa Catarina,SC,4208450,Itapoá,Sul,-26.4141043,-48.7865522
42,Santa Catarina,SC,4208500,Ituporanga,Sul,-27.807981,-50.3479804
42,Santa Catarina,SC,4208609,Jaborá,Sul,-27.174325,-51.734863
42,Santa Catarina,SC,4208708,Jacinto Machado,Sul,-27.8110093,-50.3481206
42,Santa Catarina,SC,4208807,Jaguaruna,Sul,-26.3054413,-48.8489185
42,Santa Catarina,SC,4208906,Jaraguá do Sul,Sul,-26.4153871,-48.7867969
42,Santa Catarina,SC,4208955,Jardinópolis,Sul,-26.721575,-52.859146
42,Santa Catarina,SC,4209003,Joaçaba,Sul,-26.2807128,-48.8411019
42,Santa Catarina,SC,4209102,Joinville,Sul,-26.30449,-48.848673
42,Santa Catarina,SC,4209151,José Boiteux,Sul,-26.3005022,-48.8624337
42,Santa Catarina,SC,4209177,Jupiá,Sul,-26.398577,-52.726286
42,Santa Catarina,SC,4209201,Lacerdópolis,Sul,-26.3405291,-48.8426029
42,Santa Catarina,SC,4209300,Lages,Sul,-27.815659,-50.32601
42,Santa Catarina,SC,4209409,Laguna,Sul,-26.3139947,-48.8374305
42,Santa Catarina,SC,4209458,Lajeado Grande,Sul,-26.858342,-52.566662
42,Santa Catarina,SC,4209508,Laurentino,Sul,-26.3119294,-48.8621468
42,Santa Catarina,SC,4209607,Lauro Müller,Sul,-26.3704299,-52.848811
42,Santa Catarina,SC,4209706,Lebon Régis,Sul,-26.32905,-48.8452032
42,Santa Catarina,SC,4209805,Leoberto Leal,Sul,-26.3238515,-48.8279612
42,Santa Catarina,SC,4209854,Lindóia do Sul,Sul,-27.052413,-52.083163
42,Santa Catarina,SC,4209904,Lontras,Sul,-26.329799,-48.8452218
42,Santa Catarina,SC,4210001,Luiz Alves,Sul,-26.332419,-48.8436981
42,Santa Catarina,SC,4210035,Luzerna,Sul,-27.129434,-51.468617
42,Santa Catarina,SC,4210050,Macieira,Sul,-26.7817748,-51.027867
42,Santa Catarina,SC,4210100,Mafra,Sul,-26.4123416,-48.7858322
42,Santa Catarina,SC,4210209,Major Gercino,Sul,-26.3326283,-48.8424899
42,Santa Catarina,SC,4210308,Major Vieira,Sul,-26.332839,-48.8450788
42,Santa Catarina,SC,4210407,Maracajá,Sul,-28.862857,-49.449388
42,Santa Catarina,SC,4210506,Maravilha,Sul,-26.33304425,-48.8475528826493
42,Santa Catarina,SC,4210555,Marema,Sul,-26.802361,-52.626445
42,Santa Catarina,SC,4210605,Massaranduba,Sul,-26.3291968,-48.8080874
42,Santa Catarina,SC,4210704,Matos Costa,Sul,-26.2787126,-48.8031544
42,Santa Catarina,SC,4210803,Meleiro,Sul,-26.3361378,-48.8427027
42,Santa Catarina,SC,4210852,Mirim Doce,Sul,-27.200353,-50.069719
42,Santa Catarina,SC,4210902,Modelo,Sul,-26.3346022,-48.842169
42,Santa Catarina,SC,4211009,Mondaí,Sul,-26.2790696,-48.840352
42,Santa Catarina,SC,4211058,Monte Carlo,Sul,-27.221664,-50.978403
42,Santa Catarina,SC,4211108,Monte Castelo,Sul,-28.5,-49.03
42,Santa Catarina,SC,4211207,Morro da Fumaça,Sul,-28.652227,-49.213398
42,Santa Catarina,SC,4211256,Morro Grande,Sul,-28.6692,-49.1109
42,Santa Catarina,SC,4211306,Navegantes,Sul,-26.889881,-48.649583
42,Santa Catarina,SC,4211405,Nova Erechim,Sul,-26.902769,-52.907126
42,Santa Catarina,SC,4211454,Nova Itaberaba,Sul,-26.940696,-52.813292
42,Santa Catarina,SC,4211504,Nova Trento,Sul,-27.807896,-50.3483607
42,Santa Catarina,SC,4211603,Nova Veneza,Sul,-26.3378311,-48.8085895
42,Santa Catarina,SC,4211652,Novo Horizonte,Sul,-27.090471,-52.618085
42,Santa Catarina,SC,4211702,Orleans,Sul,-26.282706,-48.857008
42,Santa Catarina,SC,4211751,Otacílio Costa,Sul,-27.48323,-50.11952
42,Santa Catarina,SC,4211801,Ouro,Sul,-27.338905,-51.613779
42,Santa Catarina,SC,4211850,Ouro Verde,Sul,-26.694187,-52.310393
42,Santa Catarina,SC,4211876,Paial,Sul,-27.256471,-52.499805
42,Santa Catarina,SC,4211892,Painel,Sul,-27.921485,-50.099493
42,Santa Catarina,SC,4211900,Palhoça,Sul,-27.644777,-48.664632
42,Santa Catarina,SC,4212007,Palma Sola,Sul,-26.2804535,-48.8242878
42,Santa Catarina,SC,4212056,Palmeira,Sul,-27.579798,-50.158909
42,Santa Catarina,SC,4212106,Palmitos,Sul,-28.689944,-49.3507685
42,Santa Catarina,SC,4212205,Papanduva,Sul,-26.406588,-50.145737
42,Santa Catarina,SC,4212239,Paraíso,Sul,-26.7841,-51.018
42,Santa Catarina,SC,4212254,Passo de Torres,Sul,-29.325393,-49.721898
42,Santa Catarina,SC,4212270,Passos Maia,Sul,-26.780643,-52.061106
42,Santa Catarina,SC,4212304,Paulo Lopes,Sul,-28.674586,-49.3849139
42,Santa Catarina,SC,4212403,Pedras Grandes,Sul,-28.6792085,-49.3270826
42,Santa Catarina,SC,4212502,Penha,Sul,-26.775418,-48.646525
42,Santa Catarina,SC,4212601,Peritiba,Sul,-27.373636,-51.905031
42,Santa Catarina,SC,4212650,Pescaria Brava,Sul,-28.384559,-48.865805
42,Santa Catarina,SC,4212700,Petrolândia,Sul,-26.4219745,-48.7912525
42,Santa Catarina,SC,4212809,Balneário Piçarras,Sul,-26.763889,-48.671667
42,Santa Catarina,SC,4212908,Pinhalzinho,Sul,-26.852586,-52.987248
42,Santa Catarina,SC,4213005,Pinheiro Preto,Sul,-26.3419679,-48.838805
42,Santa Catarina,SC,4213104,Piratuba,Sul,-26.419537,-48.784068
42,Santa Catarina,SC,4213153,Planalto Alegre,Sul,-27.072113,-52.866702
42,Santa Catarina,SC,4213203,Pomerode,Sul,-26.735622,-49.17701
42,Santa Catarina,SC,4213302,Ponte Alta,Sul,-26.3309279,-48.8384464
42,Santa Catarina,SC,4213351,Ponte Alta do Norte,Sul,-27.16261,-50.468403
42,Santa Catarina,SC,4213401,Ponte Serrada,Sul,-26.2744207,-48.8039649
42,Santa Catarina,SC,4213500,Porto Belo,Sul,-27.154241,-48.54244
42,Santa Catarina,SC,4213609,Porto União,Sul,-26.316636,-48.8524696
42,Santa Catarina,SC,4213708,Pouso Redondo,Sul,-27.8043095,-50.3459919
42,Santa Catarina,SC,4213807,Praia Grande,Sul,-28.925965,-49.4849129
42,Santa Catarina,SC,4213906,Presidente Castello Branco,Sul,-26.2917951,-48.8564554
42,Santa Catarina,SC,4214003,Presidente Getúlio,Sul,-27.042625,-49.621043
42,Santa Catarina,SC,4214102,Presidente Nereu,Sul,-27.278277,-49.389042
42,Santa Catarina,SC,4214151,Princesa,Sul,-26.445274,-53.599913
42,Santa Catarina,SC,4214201,Quilombo,Sul,-26.725368,-52.719308
42,Santa Catarina,SC,4214300,Rancho Queimado,Sul,-27.672791,-49.01242
42,Santa Catarina,SC,4214409,Rio das Antas,Sul,-26.2847544,-48.807367
42,Santa Catarina,SC,4214508,Rio do Campo,Sul,-26.2838846,-48.8072388
42,Santa Catarina,SC,4214607,Rio do Oeste,Sul,-26.4123419,-48.7848185
42,Santa Catarina,SC,4214706,Rio dos Cedros,Sul,-26.739777,-49.271828
42,Santa Catarina,SC,4214805,Rio do Sul,Sul,-26.4130805,-48.7851725
42,Santa Catarina,SC,4214904,Rio Fortuna,Sul,-26.2739075,-48.8206058
42,Santa Catarina,SC,4215000,Rio Negrinho,Sul,-26.2813936,-48.8342157
42,Santa Catarina,SC,4215059,Rio Rufino,Sul,-27.861691,-49.780632
42,Santa Catarina,SC,4215075,Riqueza,Sul,-27.069757,-53.322528
42,Santa Catarina,SC,4215109,Rodeio,Sul,-26.2804155,-48.8339051
42,Santa Catarina,SC,4215208,Romelândia,Sul,-26.3021758,-48.8146014
42,Santa Catarina,SC,4215307,Salete,Sul,-26.3418286,-48.8395541
42,Santa Catarina,SC,4215356,Saltinho,Sul,-26.604932,-53.057763
42,Santa Catarina,SC,4215406,Salto Veloso,Sul,-26.274556,-48.8271939
42,Santa Catarina,SC,4215455,Sangão,Sul,-28.639751,-49.126611
42,Santa Catarina,SC,4215505,Santa Cecília,Sul,-27.8094349,-50.3459785
42,Santa Catarina,SC,4215554,Santa Helena,Sul,-27.8241,-50.3456
42,Santa Catarina,SC,4215604,Santa Rosa de Lima,Sul,-26.3411361,-48.8405121
42,Santa Catarina,SC,4215653,Santa Rosa do Sul,Sul,-29.135495,-49.715419
42,Santa Catarina,SC,4215679,Santa Terezinha,Sul,-27.0722,-48.8883
42,Santa Catarina,SC,4215687,Santa Terezinha do Progresso,Sul,-26.619738,-53.198664
42,Santa Catarina,SC,4215695,Santiago do Sul,Sul,-26.634632,-52.675332
42,Santa Catarina,SC,4215703,Santo Amaro da Imperatriz,Sul,-27.686532,-48.776941
42,Santa Catarina,SC,4215752,São Bernardino,Sul,-26.471293,-52.965892
42,Santa Catarina,SC,4215802,São Bento do Sul,Sul,-26.4132234,-48.783761
42,Santa Catarina,SC,4215901,São Bonifácio,Sul,-26.343746,-48.8398235
42,Santa Catarina,SC,4216008,São Carlos,Sul,-26.2794315,-48.8335863
42,Santa Catarina,SC,4216057,São Cristóvão do Sul,Sul,-27.267009,-50.440951
42,Santa Catarina,SC,4216107,São Domingos,Sul,-26.8783,-48.6814
42,Santa Catarina,SC,4216206,São Francisco do Sul,Sul,-26.4155293,-48.7922782
42,Santa Catarina,SC,4216255,São João do Oeste,Sul,-27.095202,-53.595026
42,Santa Catarina,SC,4216305,São João Batista,Sul,-26.2863866,-48.8356287
42,Santa Catarina,SC,4216354,São João do Itaperiú,Sul,-26.620759,-48.717241
42,Santa Catarina,SC,4216404,São João do Sul,Sul,-27.8090895,-50.3483143
42,Santa Catarina,SC,4216503,São Joaquim,Sul,-26.419465,-48.7873318
42,Santa Catarina,SC,4216602,São José,Sul,-27.615773,-48.627649
42,Santa Catarina,SC,4216701,São José do Cedro,Sul,-26.45559,-53.495479
42,Santa Catarina,SC,4216800,São José do Cerrito,Sul,-26.3423886,-48.8383635
42,Santa Catarina,SC,4216909,São Lourenço do Oeste,Sul,-26.3395151,-48.8495701
42,Santa Catarina,SC,4217006,São Ludgero,Sul,-26.3418081,-48.8377146
42,Santa Catarina,SC,4217105,São Martinho,Sul,-28.43,-49.02
42,Santa Catarina,SC,4217154,São Miguel da Boa Vista,Sul,-26.691103,-53.252282
42,Santa Catarina,SC,4217204,São Miguel do Oeste,Sul,-28.6877664,-49.3486344
42,Santa Catarina,SC,4217253,São Pedro de Alcântara,Sul,-27.567698,-48.804797
42,Santa Catarina,SC,4217303,Saudades,Sul,-26.2830524,-48.8369109
42,Santa Catarina,SC,4217402,Schroeder,Sul,-26.3371676,-48.8087787
42,Santa Catarina,SC,4217501,Seara,Sul,-27.152858,-52.309699
42,Santa Catarina,SC,4217550,Serra Alta,Sul,-26.2783,-49.3984
42,Santa Catarina,SC,4217600,Siderópolis,Sul,-28.597588,-49.425001
42,Santa Catarina,SC,4217709,Sombrio,Sul,-28.9264435,-49.4864825
42,Santa Catarina,SC,4217758,Sul Brasil,Sul,-26.73791,-52.965018
42,Santa Catarina,SC,4217808,Taió,Sul,-27.8074791,-50.3483103
42,Santa Catarina,SC,4217907,Tangará,Sul,-26.2772567,-48.8284517
42,Santa Catarina,SC,4217956,Tigrinhos,Sul,-26.686913,-53.157009
42,Santa Catarina,SC,4218004,Tijucas,Sul,-26.2959644,-48.8452813
42,Santa Catarina,SC,4218103,Timbé do Sul,Sul,-28.9498349,-49.4830235
42,Santa Catarina,SC,4218202,Timbó,Sul,-26.2930468,-48.85794885
42,Santa Catarina,SC,4218251,Timbó Grande,Sul,-26.617051,-50.674258
42,Santa Catarina,SC,4218301,Três Barras,Sul,-26.2754882,-48.8412049
42,Santa Catarina,SC,4218350,Treviso,Sul,-26.3436291,-48.8005961
42,Santa Catarina,SC,4218400,Treze de Maio,Sul,-28.6830564,-49.367699
42,Santa Catarina,SC,4218509,Treze Tílias,Sul,-26.999679,-51.407307
42,Santa Catarina,SC,4218608,Trombudo Central,Sul,-26.2858894,-48.8376565
42,Santa Catarina,SC,4218707,Tubarão,Sul,-26.2867726,-48.8520195
42,Santa Catarina,SC,4218756,Tunápolis,Sul,-26.97073,-53.638208
42,Santa Catarina,SC,4218806,Turvo,Sul,-26.2722221,-48.8343785
42,Santa Catarina,SC,4218855,União do Oeste,Sul,-26.764215,-52.851599
42,Santa Catarina,SC,4218905,Urubici,Sul,-26.2865189,-48.8365273
42,Santa Catarina,SC,4218954,Urupema,Sul,-27.8059176,-50.3463761
42,Santa Catarina,SC,4219002,Urussanga,Sul,-28.519138,-49.320178
42,Santa Catarina,SC,4219101,Vargeão,Sul,-26.2940956,-48.8437663
42,Santa Catarina,SC,4219150,Vargem,Sul,-27.490966,-50.97811
42,Santa Catarina,SC,4219176,Vargem Bonita,Sul,-27.005456,-51.740238
42,Santa Catarina,SC,4219200,Vidal Ramos,Sul,-26.3215189,-48.8283275
42,Santa Catarina,SC,4219309,Videira,Sul,-27.00544,-51.153373
42,Santa Catarina,SC,4219358,Vitor Meireles,Sul,-27.8079118,-50.2868083
42,Santa Catarina,SC,4219408,Witmarsum,Sul,-26.2795082,-48.8042945
42,Santa Catarina,SC,4219507,Xanxerê,Sul,-26.87486,-52.403596
42,Santa Catarina,SC,4219606,Xavantina,Sul,-26.3362981,-48.8345203
42,Santa Catarina,SC,4219705,Xaxim,Sul,-27.8105254,-50.3464162
42,Santa Catarina,SC,4219853,Zortéa,Sul,-27.453536,-51.55359
42,Santa Catarina,SC,4220000,Balneário Rincão,Sul,-28.823572,-49.224164
43,Rio Grande do Sul,RS,4300001,Lagoa Mirim,Sul,-32.882609,-52.838465
43,Rio Grande do Sul,RS,4300002,Lagoa dos Patos,Sul,-31.106409,-51.348222
43,Rio Grande do Sul,RS,4300034,Aceguá,Sul,-31.869513,-54.161559
43,Rio Grande do Sul,RS,4300059,Água Santa,Sul,-28.17753,-52.03603
43,Rio Grande do Sul,RS,4300109,Agudo,Sul,-29.642326,-53.249401
43,Rio Grande do Sul,RS,4300208,Ajuricaba,Sul,-28.239654,-53.769301
43,Rio Grande do Sul,RS,4300307,Alecrim,Sul,-30.02352,-51.172744
43,Rio Grande do Sul,RS,4300406,Alegrete,Sul,-29.790166,-55.794862
43,Rio Grande do Sul,RS,4300455,Alegria,Sul,-27.83321,-54.057496
43,Rio Grande do Sul,RS,4300471,Almirante Tamandaré do Sul,Sul,-28.114113,-52.913487
43,Rio Grande do Sul,RS,4300505,Alpestre,Sul,-27.251234,-53.034965
43,Rio Grande do Sul,RS,4300554,Alto Alegre,Sul,-28.775558,-52.991509
43,Rio Grande do Sul,RS,4300570,Alto Feliz,Sul,-29.378594,-51.312375
43,Rio Grande do Sul,RS,4300604,Alvorada,Sul,-29.998118,-51.077251
43,Rio Grande do Sul,RS,4300638,Amaral Ferrador,Sul,-30.875063,-52.254205
43,Rio Grande do Sul,RS,4300646,Ametista do Sul,Sul,-27.361734,-53.182658
43,Rio Grande do Sul,RS,4300661,André da Rocha,Sul,-28.630912,-51.573333
43,Rio Grande do Sul,RS,4300703,Anta Gorda,Sul,-28.971874,-52.006919
43,Rio Grande do Sul,RS,4300802,Antônio Prado,Sul,-28.856781,-51.280136
43,Rio Grande do Sul,RS,4300851,Arambaré,Sul,-30.913225,-51.499463
43,Rio Grande do Sul,RS,4300877,Araricá,Sul,-29.616854,-50.929121
43,Rio Grande do Sul,RS,4300901,Aratiba,Sul,-27.395573,-52.302433
43,Rio Grande do Sul,RS,4301008,Arroio do Meio,Sul,-29.402039,-51.944499
43,Rio Grande do Sul,RS,4301057,Arroio do Sal,Sul,-29.549852,-49.88744
43,Rio Grande do Sul,RS,4301073,Arroio do Padre,Sul,-31.442877,-52.422899
43,Rio Grande do Sul,RS,4301107,Arroio dos Ratos,Sul,-30.089452,-51.726554
43,Rio Grande do Sul,RS,4301206,Arroio do Tigre,Sul,-29.334158,-53.088894
43,Rio Grande do Sul,RS,4301305,Arroio Grande,Sul,-32.238425,-53.086666
43,Rio Grande do Sul,RS,4301404,Arvorezinha,Sul,-28.873109,-52.175792
43,Rio Grande do Sul,RS,4301503,Augusto Pestana,Sul,-28.514841,-53.990643
43,Rio Grande do Sul,RS,4301552,Áurea,Sul,-27.697092,-52.052178
43,Rio Grande do Sul,RS,4301602,Bagé,Sul,-31.331426,-54.106281
43,Rio Grande do Sul,RS,4301636,Balneário Pinhal,Sul,-30.248298,-50.234585
43,Rio Grande do Sul,RS,4301651,Barão,Sul,-29.372474,-51.494908
43,Rio Grande do Sul,RS,4301701,Barão de Cotegipe,Sul,-27.621469,-52.376532
43,Rio Grande do Sul,RS,4301750,Barão do Triunfo,Sul,-30.390988,-51.737535
43,Rio Grande do Sul,RS,4301800,Barracão,Sul,-32.185617,-52.157626
43,Rio Grande do Sul,RS,4301859,Barra do Guarita,Sul,-27.188802,-53.714709
43,Rio Grande do Sul,RS,4301875,Barra do Quaraí,Sul,-30.208947,-57.550513
43,Rio Grande do Sul,RS,4301909,Barra do Ribeiro,Sul,-30.293021,-51.301437
43,Rio Grande do Sul,RS,4301925,Barra do Rio Azul,Sul,-27.408657,-52.41305
43,Rio Grande do Sul,RS,4301958,Barra Funda,Sul,-27.923005,-53.040105
43,Rio Grande do Sul,RS,4302006,Barros Cassal,Sul,-29.094938,-52.583237
43,Rio Grande do Sul,RS,4302055,Benjamin Constant do Sul,Sul,-27.510555,-52.600769
43,Rio Grande do Sul,RS,4302105,Bento Gonçalves,Sul,-29.165401,-51.519763
43,Rio Grande do Sul,RS,4302154,Boa Vista das Missões,Sul,-27.666682,-53.312939
43,Rio Grande do Sul,RS,4302204,Boa Vista do Buricá,Sul,-27.668778,-54.111191
43,Rio Grande do Sul,RS,4302220,Boa Vista do Cadeado,Sul,-28.578383,-53.812376
43,Rio Grande do Sul,RS,4302238,Boa Vista do Incra,Sul,-28.819555,-53.386662
43,Rio Grande do Sul,RS,4302253,Boa Vista do Sul,Sul,-29.351049,-51.677968
43,Rio Grande do Sul,RS,4302303,Bom Jesus,Sul,-30.0428,-51.1628
43,Rio Grande do Sul,RS,4302352,Bom Princípio,Sul,-29.489788,-51.356678
43,Rio Grande do Sul,RS,4302378,Bom Progresso,Sul,-27.549095,-53.86556
43,Rio Grande do Sul,RS,4302402,Bom Retiro do Sul,Sul,-29.600001,-51.935924
43,Rio Grande do Sul,RS,4302451,Boqueirão do Leão,Sul,-29.30332,-52.429682
43,Rio Grande do Sul,RS,4302501,Bossoroca,Sul,-28.727888,-54.912028
43,Rio Grande do Sul,RS,4302584,Bozano,Sul,-28.366995,-53.770517
43,Rio Grande do Sul,RS,4302600,Braga,Sul,-27.617348,-53.740514
43,Rio Grande do Sul,RS,4302659,Brochier,Sul,-29.556766,-51.596305
43,Rio Grande do Sul,RS,4302709,Butiá,Sul,-30.125679,-51.969222
43,Rio Grande do Sul,RS,4302808,Caçapava do Sul,Sul,-30.511329,-53.491676
43,Rio Grande do Sul,RS,4302907,Cacequi,Sul,-29.883806,-54.827344
43,Rio Grande do Sul,RS,4303004,Cachoeira do Sul,Sul,-30.048223,-52.890169
43,Rio Grande do Sul,RS,4303103,Cachoeirinha,Sul,-29.949335,-51.089893
43,Rio Grande do Sul,RS,4303202,Cacique Doble,Sul,-27.770012,-51.661641
43,Rio Grande do Sul,RS,4303301,Caibaté,Sul,-28.290475,-54.645407
43,Rio Grande do Sul,RS,4303400,Caiçara,Sul,-27.275048,-53.431005
43,Rio Grande do Sul,RS,4303509,Camaquã,Sul,-30.852475,-51.807562
43,Rio Grande do Sul,RS,4303558,Camargo,Sul,-28.586566,-52.203147
43,Rio Grande do Sul,RS,4303608,Cambará do Sul,Sul,-29.048952,-50.145412
43,Rio Grande do Sul,RS,4303673,Campestre da Serra,Sul,-28.796653,-51.095815
43,Rio Grande do Sul,RS,4303707,Campina das Missões,Sul,-27.988329,-54.841167
43,Rio Grande do Sul,RS,4303806,Campinas do Sul,Sul,-27.716797,-52.625789
43,Rio Grande do Sul,RS,4303905,Campo Bom,Sul,-29.678418,-51.057227
43,Rio Grande do Sul,RS,4304002,Campo Novo,Sul,-27.679214,-53.805165
43,Rio Grande do Sul,RS,4304101,Campos Borges,Sul,-28.8850915,-52.9992235
43,Rio Grande do Sul,RS,4304200,Candelária,Sul,-29.668391,-52.789495
43,Rio Grande do Sul,RS,4304309,Cândido Godói,Sul,-27.951509,-54.751722
43,Rio Grande do Sul,RS,4304358,Candiota,Sul,-31.545189,-53.719538
43,Rio Grande do Sul,RS,4304408,Canela,Sul,-29.362698,-50.813631
43,Rio Grande do Sul,RS,4304507,Canguçu,Sul,-31.398276,-52.677352
43,Rio Grande do Sul,RS,4304606,Canoas,Sul,-29.921604,-51.179953
43,Rio Grande do Sul,RS,4304614,Canudos do Vale,Sul,-29.324042,-52.234849
43,Rio Grande do Sul,RS,4304622,Capão Bonito do Sul,Sul,-28.128794,-51.393771
43,Rio Grande do Sul,RS,4304630,Capão da Canoa,Sul,-29.750828,-50.021073
43,Rio Grande do Sul,RS,4304655,Capão do Cipó,Sul,-28.93173,-54.555578
43,Rio Grande do Sul,RS,4304663,Capão do Leão,Sul,-31.766133,-52.501315
43,Rio Grande do Sul,RS,4304671,Capivari do Sul,Sul,-30.14376,-50.512917
43,Rio Grande do Sul,RS,4304689,Capela de Santana,Sul,-29.69266,-51.320666
43,Rio Grande do Sul,RS,4304697,Capitão,Sul,-29.271829,-51.986972
43,Rio Grande do Sul,RS,4304705,Carazinho,Sul,-28.298163,-52.794236
43,Rio Grande do Sul,RS,4304713,Caraá,Sul,-29.79007,-50.430231
43,Rio Grande do Sul,RS,4304804,Carlos Barbosa,Sul,-29.297837,-51.500561
43,Rio Grande do Sul,RS,4304853,Carlos Gomes,Sul,-27.716109,-51.913561
43,Rio Grande do Sul,RS,4304903,Casca,Sul,-28.563405,-51.97419
43,Rio Grande do Sul,RS,4304952,Caseiros,Sul,-28.272115,-51.687354
43,Rio Grande do Sul,RS,4305009,Catuípe,Sul,-28.255356,-54.013215
43,Rio Grande do Sul,RS,4305108,Caxias do Sul,Sul,-29.168495,-51.17962
43,Rio Grande do Sul,RS,4305116,Centenário,Sul,-29.13,-51.18
43,Rio Grande do Sul,RS,4305124,Cerrito,Sul,-29.7,-53.79
43,Rio Grande do Sul,RS,4305132,Cerro Branco,Sul,-29.635913,-52.949799
43,Rio Grande do Sul,RS,4305157,Cerro Grande,Sul,-27.608894,-53.166306
43,Rio Grande do Sul,RS,4305173,Cerro Grande do Sul,Sul,-30.596296,-51.75172
43,Rio Grande do Sul,RS,4305207,Cerro Largo,Sul,-28.147498,-54.738368
43,Rio Grande do Sul,RS,4305306,Chapada,Sul,-28.058783,-53.065746
43,Rio Grande do Sul,RS,4305355,Charqueadas,Sul,-29.955012,-51.62492
43,Rio Grande do Sul,RS,4305371,Charrua,Sul,-27.953375,-52.031259
43,Rio Grande do Sul,RS,4305405,Chiapetta,Sul,-27.923162,-53.941905
43,Rio Grande do Sul,RS,4305439,Chuí,Sul,-33.689524,-53.454704
43,Rio Grande do Sul,RS,4305447,Chuvisca,Sul,-30.755798,-51.978493
43,Rio Grande do Sul,RS,4305454,Cidreira,Sul,-30.165706,-50.218331
43,Rio Grande do Sul,RS,4305504,Ciríaco,Sul,-28.342914,-51.876368
43,Rio Grande do Sul,RS,4305587,Colinas,Sul,-29.386602,-51.869791
43,Rio Grande do Sul,RS,4305603,Colorado,Sul,-28.525842,-52.99282
43,Rio Grande do Sul,RS,4305702,Condor,Sul,-28.205828,-53.48447
43,Rio Grande do Sul,RS,4305801,Constantina,Sul,-27.733171,-52.992956
43,Rio Grande do Sul,RS,4305835,Coqueiro Baixo,Sul,-29.181566,-52.097034
43,Rio Grande do Sul,RS,4305850,Coqueiros do Sul,Sul,-28.118403,-52.782438
43,Rio Grande do Sul,RS,4305871,Coronel Barros,Sul,-28.382632,-54.070412
43,Rio Grande do Sul,RS,4305900,Coronel Bicaco,Sul,-27.7174,-53.705821
43,Rio Grande do Sul,RS,4305934,Coronel Pilar,Sul,-29.27318,-51.685235
43,Rio Grande do Sul,RS,4305959,Cotiporã,Sul,-28.9942365,-51.696294
43,Rio Grande do Sul,RS,4305975,Coxilha,Sul,-28.125564,-52.297639
43,Rio Grande do Sul,RS,4306007,Crissiumal,Sul,-27.498224,-54.102464
43,Rio Grande do Sul,RS,4306056,Cristal,Sul,-30.0888,-51.2394
43,Rio Grande do Sul,RS,4306072,Cristal do Sul,Sul,-27.454386,-53.248297
43,Rio Grande do Sul,RS,4306106,Cruz Alta,Sul,-28.645056,-53.605805
43,Rio Grande do Sul,RS,4306130,Cruzaltense,Sul,-27.667414,-52.648783
43,Rio Grande do Sul,RS,4306205,Cruzeiro do Sul,Sul,-29.513974,-51.991707
43,Rio Grande do Sul,RS,4306304,David Canabarro,Sul,-28.387867,-51.847265
43,Rio Grande do Sul,RS,4306320,Derrubadas,Sul,-27.263655,-53.856548
43,Rio Grande do Sul,RS,4306353,Dezesseis de Novembro,Sul,-28.224899,-55.048047
43,Rio Grande do Sul,RS,4306379,Dilermando de Aguiar,Sul,-29.704997,-54.207899
43,Rio Grande do Sul,RS,4306403,Dois Irmãos,Sul,-29.58356,-51.089776
43,Rio Grande do Sul,RS,4306429,Dois Irmãos das Missões,Sul,-27.659882,-53.533089
43,Rio Grande do Sul,RS,4306452,Dois Lajeados,Sul,-28.984916,-51.836639
43,Rio Grande do Sul,RS,4306502,Dom Feliciano,Sul,-30.70214,-52.108085
43,Rio Grande do Sul,RS,4306551,Dom Pedro de Alcântara,Sul,-29.369833,-49.847997
43,Rio Grande do Sul,RS,4306601,Dom Pedrito,Sul,-30.983755,-54.674648
43,Rio Grande do Sul,RS,4306700,Dona Francisca,Sul,-29.623063,-53.356059
43,Rio Grande do Sul,RS,4306734,Doutor Maurício Cardoso,Sul,-27.506726,-54.362676
43,Rio Grande do Sul,RS,4306759,Doutor Ricardo,Sul,-29.090155,-51.989485
43,Rio Grande do Sul,RS,4306767,Eldorado do Sul,Sul,-29.998464,-51.309198
43,Rio Grande do Sul,RS,4306809,Encantado,Sul,-29.239272,-51.874482
43,Rio Grande do Sul,RS,4306908,Encruzilhada do Sul,Sul,-30.543307,-52.522351
43,Rio Grande do Sul,RS,4306924,Engenho Velho,Sul,-27.71145,-52.912569
43,Rio Grande do Sul,RS,4306932,Entre-Ijuís,Sul,-28.361628,-54.267002
43,Rio Grande do Sul,RS,4306957,Entre Rios do Sul,Sul,-27.541614,-52.731932
43,Rio Grande do Sul,RS,4306973,Erebango,Sul,-27.854271,-52.302927
43,Rio Grande do Sul,RS,4307005,Erechim,Sul,-27.635071,-52.273865
43,Rio Grande do Sul,RS,4307054,Ernestina,Sul,-28.498434,-52.570245
43,Rio Grande do Sul,RS,4307104,Herval,Sul,-32.026081,-53.395133
43,Rio Grande do Sul,RS,4307203,Erval Grande,Sul,-27.391028,-52.570374
43,Rio Grande do Sul,RS,4307302,Erval Seco,Sul,-27.550181000000002,-53.506271999999996
43,Rio Grande do Sul,RS,4307401,Esmeralda,Sul,-28.054371,-51.19219
43,Rio Grande do Sul,RS,4307450,Esperança do Sul,Sul,-27.363427,-53.987913
43,Rio Grande do Sul,RS,4307500,Espumoso,Sul,-28.725696,-52.845375
43,Rio Grande do Sul,RS,4307559,Estação,Sul,-27.912896,-52.260606
43,Rio Grande do Sul,RS,4307609,Estância Velha,Sul,-29.652967,-51.171969
43,Rio Grande do Sul,RS,4307708,Esteio,Sul,-29.851163,-51.177885
43,Rio Grande do Sul,RS,4307807,Estrela,Sul,-29.501054,-51.962226
43,Rio Grande do Sul,RS,4307815,Estrela Velha,Sul,-29.17758,-53.159752
43,Rio Grande do Sul,RS,4307831,Eugênio de Castro,Sul,-28.528603,-54.147517
43,Rio Grande do Sul,RS,4307864,Fagundes Varela,Sul,-28.880751,-51.69878
43,Rio Grande do Sul,RS,4307906,Farroupilha,Sul,-29.22647,-51.346819
43,Rio Grande do Sul,RS,4308003,Faxinal do Soturno,Sul,-29.577169,-53.445804
43,Rio Grande do Sul,RS,4308052,Faxinalzinho,Sul,-27.42405,-52.673868
43,Rio Grande do Sul,RS,4308078,Fazenda Vilanova,Sul,-29.588511,-51.821714
43,Rio Grande do Sul,RS,4308102,Feliz,Sul,-29.450891,-51.307713
43,Rio Grande do Sul,RS,4308201,Flores da Cunha,Sul,-29.030129,-51.183335
43,Rio Grande do Sul,RS,4308250,Floriano Peixoto,Sul,-27.860325,-52.085602
43,Rio Grande do Sul,RS,4308300,Fontoura Xavier,Sul,-28.981655,-52.344455
43,Rio Grande do Sul,RS,4308409,Formigueiro,Sul,-29.998224,-53.502993
43,Rio Grande do Sul,RS,4308433,Forquetinha,Sul,-29.381875,-52.100802
43,Rio Grande do Sul,RS,4308458,Fortaleza dos Valos,Sul,-28.795924,-53.224662
43,Rio Grande do Sul,RS,4308508,Frederico Westphalen,Sul,-27.35711,-53.396412
43,Rio Grande do Sul,RS,4308607,Garibaldi,Sul,-29.256225,-51.526917
43,Rio Grande do Sul,RS,4308656,Garruchos,Sul,-28.190726,-55.637633
43,Rio Grande do Sul,RS,4308706,Gaurama,Sul,-27.587932,-52.092707
43,Rio Grande do Sul,RS,4308805,General Câmara,Sul,-29.537761,-49.8806313
43,Rio Grande do Sul,RS,4308854,Gentil,Sul,-28.200231,-51.522637
43,Rio Grande do Sul,RS,4308904,Getúlio Vargas,Sul,-27.887149,-52.225797
43,Rio Grande do Sul,RS,4309001,Giruá,Sul,-28.02994,-54.350686
43,Rio Grande do Sul,RS,4309050,Glorinha,Sul,-29.879053,-50.786944
43,Rio Grande do Sul,RS,4309100,Gramado,Sul,-29.378749,-50.872494
43,Rio Grande do Sul,RS,4309126,Gramado dos Loureiros,Sul,-27.443953,-52.91837
43,Rio Grande do Sul,RS,4309159,Gramado Xavier,Sul,-29.270299,-52.578587
43,Rio Grande do Sul,RS,4309209,Gravataí,Sul,-29.944022,-50.993094
43,Rio Grande do Sul,RS,4309258,Guabiju,Sul,-28.541741,-51.691092
43,Rio Grande do Sul,RS,4309308,Guaíba,Sul,-30.113073,-51.329442
43,Rio Grande do Sul,RS,4309407,Guaporé,Sul,-28.847193,-51.890788
43,Rio Grande do Sul,RS,4309506,Guarani das Missões,Sul,-28.144528,-54.557036
43,Rio Grande do Sul,RS,4309555,Harmonia,Sul,-29.92,-51.2
43,Rio Grande do Sul,RS,4309571,Herveiras,Sul,-29.454487,-52.652924
43,Rio Grande do Sul,RS,4309605,Horizontina,Sul,-27.627931,-54.309026
43,Rio Grande do Sul,RS,4309654,Hulha Negra,Sul,-31.407474,-53.869954
43,Rio Grande do Sul,RS,4309704,Humaitá,Sul,-29.9788,-51.1869
43,Rio Grande do Sul,RS,4309753,Ibarama,Sul,-29.421543,-53.131155
43,Rio Grande do Sul,RS,4309803,Ibiaçá,Sul,-28.056425,-51.856604
43,Rio Grande do Sul,RS,4309902,Ibiraiaras,Sul,-28.370567,-51.636697
43,Rio Grande do Sul,RS,4309951,Ibirapuitã,Sul,-28.62265,-52.517058
43,Rio Grande do Sul,RS,4310009,Ibirubá,Sul,-28.630161,-53.096124
43,Rio Grande do Sul,RS,4310108,Igrejinha,Sul,-29.569318,-50.791894
43,Rio Grande do Sul,RS,4310207,Ijuí,Sul,-28.387873,-53.920169
43,Rio Grande do Sul,RS,4310306,Ilópolis,Sul,-28.92825,-52.125816
43,Rio Grande do Sul,RS,4310330,Imbé,Sul,-29.975269,-50.128068
43,Rio Grande do Sul,RS,4310363,Imigrante,Sul,-29.234427,-51.356225
43,Rio Grande do Sul,RS,4310405,Independência,Sul,-30.0277,-51.2105
43,Rio Grande do Sul,RS,4310413,Inhacorá,Sul,-27.881232,-54.021433
43,Rio Grande do Sul,RS,4310439,Ipê,Sul,-28.818928,-51.279642
43,Rio Grande do Sul,RS,4310462,Ipiranga do Sul,Sul,-27.936758,-52.425156
43,Rio Grande do Sul,RS,4310504,Iraí,Sul,-27.195539,-53.256791
43,Rio Grande do Sul,RS,4310538,Itaara,Sul,-29.607116,-53.755784
43,Rio Grande do Sul,RS,4310553,Itacurubi,Sul,-28.796248,-55.23606
43,Rio Grande do Sul,RS,4310579,Itapuca,Sul,-28.780278,-52.172752
43,Rio Grande do Sul,RS,4310603,Itaqui,Sul,-29.122204,-56.555126
43,Rio Grande do Sul,RS,4310652,Itati,Sul,-29.491888,-50.102071
43,Rio Grande do Sul,RS,4310702,Itatiba do Sul,Sul,-27.384736,-52.455638
43,Rio Grande do Sul,RS,4310751,Ivorá,Sul,-29.519681,-53.580451
43,Rio Grande do Sul,RS,4310801,Ivoti,Sul,-29.593406,-51.15994
43,Rio Grande do Sul,RS,4310850,Jaboticaba,Sul,-27.63112,-53.279409
43,Rio Grande do Sul,RS,4310876,Jacuizinho,Sul,-29.034221,-53.053496
43,Rio Grande do Sul,RS,4310900,Jacutinga,Sul,-27.729135,-52.53724
43,Rio Grande do Sul,RS,4311007,Jaguarão,Sul,-32.566272,-53.376571
43,Rio Grande do Sul,RS,4311106,Jaguari,Sul,-29.498143,-54.693187
43,Rio Grande do Sul,RS,4311122,Jaquirana,Sul,-28.883676,-50.35801
43,Rio Grande do Sul,RS,4311130,Jari,Sul,-29.292234,-54.223711
43,Rio Grande do Sul,RS,4311155,Jóia,Sul,-28.646504,-54.119917
43,Rio Grande do Sul,RS,4311205,Júlio de Castilhos,Sul,-29.228657,-53.682522
43,Rio Grande do Sul,RS,4311239,Lagoa Bonita do Sul,Sul,-29.490382,-53.014571
43,Rio Grande do Sul,RS,4311254,Lagoão,Sul,-29.224209,-52.773861
43,Rio Grande do Sul,RS,4311270,Lagoa dos Três Cantos,Sul,-28.566865,-52.858164
43,Rio Grande do Sul,RS,4311304,Lagoa Vermelha,Sul,-28.208703,-51.527499
43,Rio Grande do Sul,RS,4311403,Lajeado,Sul,-29.467152,-51.962405
43,Rio Grande do Sul,RS,4311429,Lajeado do Bugre,Sul,-27.690326,-53.181191
43,Rio Grande do Sul,RS,4311502,Lavras do Sul,Sul,-30.811806,-53.898286
43,Rio Grande do Sul,RS,4311601,Liberato Salzano,Sul,-27.60033,-53.071482
43,Rio Grande do Sul,RS,4311627,Lindolfo Collor,Sul,-29.59563,-51.21028
43,Rio Grande do Sul,RS,4311643,Linha Nova,Sul,-29.467709,-51.200113
43,Rio Grande do Sul,RS,4311700,Machadinho,Sul,-27.56589,-51.667706
43,Rio Grande do Sul,RS,4311718,Maçambará,Sul,-29.144485,-56.067444
43,Rio Grande do Sul,RS,4311734,Mampituba,Sul,-29.212823,-49.934453
43,Rio Grande do Sul,RS,4311759,Manoel Viana,Sul,-29.585935,-55.484112
43,Rio Grande do Sul,RS,4311775,Maquiné,Sul,-29.675637,-50.205632
43,Rio Grande do Sul,RS,4311791,Maratá,Sul,-29.549349,-51.554641
43,Rio Grande do Sul,RS,4311809,Marau,Sul,-28.449305,-52.200216
43,Rio Grande do Sul,RS,4311908,Marcelino Ramos,Sul,-27.462744999999998,-51.90627
43,Rio Grande do Sul,RS,4311981,Mariana Pimentel,Sul,-30.353686,-51.583278
43,Rio Grande do Sul,RS,4312005,Mariano Moro,Sul,-27.354197,-52.146905
43,Rio Grande do Sul,RS,4312054,Marques de Souza,Sul,-29.327564,-52.09618
43,Rio Grande do Sul,RS,4312104,Mata,Sul,-29.563764,-54.45909
43,Rio Grande do Sul,RS,4312138,Mato Castelhano,Sul,-28.278273,-52.194811
43,Rio Grande do Sul,RS,4312153,Mato Leitão,Sul,-29.528124,-52.127807
43,Rio Grande do Sul,RS,4312179,Mato Queimado,Sul,-28.257822,-54.61709
43,Rio Grande do Sul,RS,4312203,Maximiliano de Almeida,Sul,-27.632651,-51.804677
43,Rio Grande do Sul,RS,4312252,Minas do Leão,Sul,-30.13345,-52.045596
43,Rio Grande do Sul,RS,4312302,Miraguaí,Sul,-27.494365,-53.687422
43,Rio Grande do Sul,RS,4312351,Montauri,Sul,-28.650166,-52.075764
43,Rio Grande do Sul,RS,4312377,Monte Alegre dos Campos,Sul,-28.68405,-50.782032
43,Rio Grande do Sul,RS,4312385,Monte Belo do Sul,Sul,-29.16362,-51.634745
43,Rio Grande do Sul,RS,4312401,Montenegro,Sul,-29.682611,-51.468746
43,Rio Grande do Sul,RS,4312427,Mormaço,Sul,-28.69355,-52.692598
43,Rio Grande do Sul,RS,4312443,Morrinhos do Sul,Sul,-29.365378,-49.931443
43,Rio Grande do Sul,RS,4312450,Morro Redondo,Sul,-31.592115,-52.625767
43,Rio Grande do Sul,RS,4312476,Morro Reuter,Sul,-29.538952,-51.081886
43,Rio Grande do Sul,RS,4312500,Mostardas,Sul,-31.10538,-50.916692
43,Rio Grande do Sul,RS,4312609,Muçum,Sul,-29.166671,-51.874773
43,Rio Grande do Sul,RS,4312617,Muitos Capões,Sul,-28.316286,-51.183623
43,Rio Grande do Sul,RS,4312625,Muliterno,Sul,-28.329599,-51.768244
43,Rio Grande do Sul,RS,4312658,Não-Me-Toque,Sul,-28.457551,-52.819655
43,Rio Grande do Sul,RS,4312674,Nicolau Vergueiro,Sul,-28.536199,-52.463171
43,Rio Grande do Sul,RS,4312708,Nonoai,Sul,-30.0853,-51.218
43,Rio Grande do Sul,RS,4312757,Nova Alvorada,Sul,-28.677419,-52.166373
43,Rio Grande do Sul,RS,4312807,Nova Araçá,Sul,-28.660412,-51.742478
43,Rio Grande do Sul,RS,4312906,Nova Bassano,Sul,-28.730407,-51.703469
43,Rio Grande do Sul,RS,4312955,Nova Boa Vista,Sul,-27.993207,-52.979802
43,Rio Grande do Sul,RS,4313003,Nova Bréscia,Sul,-29.215874,-52.029019
43,Rio Grande do Sul,RS,4313011,Nova Candelária,Sul,-27.611076,-54.10654
43,Rio Grande do Sul,RS,4313037,Nova Esperança do Sul,Sul,-29.409582,-54.8294885
43,Rio Grande do Sul,RS,4313060,Nova Hartz,Sul,-29.584239,-50.904325
43,Rio Grande do Sul,RS,4313086,Nova Pádua,Sul,-29.028351,-51.307598
43,Rio Grande do Sul,RS,4313102,Nova Palma,Sul,-29.471108,-53.469375
43,Rio Grande do Sul,RS,4313201,Nova Petrópolis,Sul,-29.375984,-51.112334
43,Rio Grande do Sul,RS,4313300,Nova Prata,Sul,-28.784938,-51.6092
43,Rio Grande do Sul,RS,4313334,Nova Ramada,Sul,-28.082091,-53.706392
43,Rio Grande do Sul,RS,4313359,Nova Roma do Sul,Sul,-28.988466,-51.408651
43,Rio Grande do Sul,RS,4313375,Nova Santa Rita,Sul,-29.848997,-51.276428
43,Rio Grande do Sul,RS,4313391,Novo Cabrais,Sul,-29.734744,-52.949985
43,Rio Grande do Sul,RS,4313409,Novo Hamburgo,Sul,-29.69057,-51.142904
43,Rio Grande do Sul,RS,4313425,Novo Machado,Sul,-27.578046,-54.50104
43,Rio Grande do Sul,RS,4313441,Novo Tiradentes,Sul,-27.562834,-53.182718
43,Rio Grande do Sul,RS,4313466,Novo Xingu,Sul,-27.748233,-53.062971
43,Rio Grande do Sul,RS,4313490,Novo Barreiro,Sul,-27.907546,-53.109555
43,Rio Grande do Sul,RS,4313508,Osório,Sul,-29.889073,-50.27405
43,Rio Grande do Sul,RS,4313607,Paim Filho,Sul,-27.709937,-51.758623
43,Rio Grande do Sul,RS,4313656,Palmares do Sul,Sul,-30.258025,-50.509795
43,Rio Grande do Sul,RS,4313706,Palmeira das Missões,Sul,-27.901052,-53.313593
43,Rio Grande do Sul,RS,4313805,Palmitinho,Sul,-27.355337,-53.557597
43,Rio Grande do Sul,RS,4313904,Panambi,Sul,-28.289854,-53.501822
43,Rio Grande do Sul,RS,4313953,Pantano Grande,Sul,-30.190794,-52.372177
43,Rio Grande do Sul,RS,4314001,Paraí,Sul,-28.596677,-51.785143
43,Rio Grande do Sul,RS,4314027,Paraíso do Sul,Sul,-29.731155,-53.177734
43,Rio Grande do Sul,RS,4314035,Pareci Novo,Sul,-29.638672,-51.396197
43,Rio Grande do Sul,RS,4314050,Parobé,Sul,-29.624257,-50.83118
43,Rio Grande do Sul,RS,4314068,Passa Sete,Sul,-29.449838,-52.965217
43,Rio Grande do Sul,RS,4314076,Passo do Sobrado,Sul,-29.747724,-52.273429
43,Rio Grande do Sul,RS,4314100,Passo Fundo,Sul,-28.25506,-52.396661
43,Rio Grande do Sul,RS,4314134,Paulo Bento,Sul,-27.703438,-52.422017
43,Rio Grande do Sul,RS,4314159,Paverama,Sul,-29.552103,-51.734377
43,Rio Grande do Sul,RS,4314175,Pedras Altas,Sul,-31.732404,-53.585424
43,Rio Grande do Sul,RS,4314209,Pedro Osório,Sul,-31.861921,-52.821939
43,Rio Grande do Sul,RS,4314308,Pejuçara,Sul,-28.421765,-53.655425
43,Rio Grande do Sul,RS,4314407,Pelotas,Sul,-31.769974,-52.341016
43,Rio Grande do Sul,RS,4314423,Picada Café,Sul,-29.446421,-51.136725
43,Rio Grande do Sul,RS,4314456,Pinhal,Sul,-27.511416,-53.216381
43,Rio Grande do Sul,RS,4314464,Pinhal da Serra,Sul,-27.874353,-51.170615
43,Rio Grande do Sul,RS,4314472,Pinhal Grande,Sul,-29.337828,-53.339904
43,Rio Grande do Sul,RS,4314498,Pinheirinho do Vale,Sul,-27.211118,-53.614425
43,Rio Grande do Sul,RS,4314506,Pinheiro Machado,Sul,-29.6977,-53.8672
43,Rio Grande do Sul,RS,4314548,Pinto Bandeira,Sul,-29.097719,-51.449826
43,Rio Grande do Sul,RS,4314555,Pirapó,Sul,-28.045428,-55.19872
43,Rio Grande do Sul,RS,4314605,Piratini,Sul,-29.96,-51.61
43,Rio Grande do Sul,RS,4314704,Planalto,Sul,-29.18,-51.16
43,Rio Grande do Sul,RS,4314753,Poço das Antas,Sul,-29.451252,-51.669094
43,Rio Grande do Sul,RS,4314779,Pontão,Sul,-28.059973,-52.677938
43,Rio Grande do Sul,RS,4314787,Ponte Preta,Sul,-27.65776,-52.489543
43,Rio Grande do Sul,RS,4314803,Portão,Sul,-29.693255,-51.233184
43,Rio Grande do Sul,RS,4314902,Porto Alegre,Sul,-30.0325,-51.230377
43,Rio Grande do Sul,RS,4315008,Porto Lucena,Sul,-27.853262,-55.019839
43,Rio Grande do Sul,RS,4315057,Porto Mauá,Sul,-27.574015,-54.669081
43,Rio Grande do Sul,RS,4315073,Porto Vera Cruz,Sul,-27.735457,-54.900962
43,Rio Grande do Sul,RS,4315107,Porto Xavier,Sul,-27.906146,-55.139576
43,Rio Grande do Sul,RS,4315131,Pouso Novo,Sul,-29.169587,-52.208512
43,Rio Grande do Sul,RS,4315149,Presidente Lucena,Sul,-29.517549,-51.179798
43,Rio Grande do Sul,RS,4315156,Progresso,Sul,-29.241996,-52.310887
43,Rio Grande do Sul,RS,4315172,Protásio Alves,Sul,-28.75863,-51.474152
43,Rio Grande do Sul,RS,4315206,Putinga,Sul,-29.001747,-52.156637
43,Rio Grande do Sul,RS,4315305,Quaraí,Sul,-30.381809,-56.452658
43,Rio Grande do Sul,RS,4315313,Quatro Irmãos,Sul,-27.82293,-52.442755
43,Rio Grande do Sul,RS,4315321,Quevedos,Sul,-29.352983,-54.068721
43,Rio Grande do Sul,RS,4315354,Quinze de Novembro,Sul,-29.59,-50.81
43,Rio Grande do Sul,RS,4315404,Redentora,Sul,-27.661607,-53.642134
43,Rio Grande do Sul,RS,4315453,Relvado,Sul,-29.112108,-52.071398
43,Rio Grande do Sul,RS,4315503,Restinga Sêca,Sul,-29.814561,-53.373455
43,Rio Grande do Sul,RS,4315552,Rio dos Índios,Sul,-27.301053,-52.84062
43,Rio Grande do Sul,RS,4315602,Rio Grande,Sul,-32.033425,-52.09913
43,Rio Grande do Sul,RS,4315701,Rio Pardo,Sul,-29.982055,-52.370245
43,Rio Grande do Sul,RS,4315750,Riozinho,Sul,-29.640458,-50.459626
43,Rio Grande do Sul,RS,4315800,Roca Sales,Sul,-29.287255,-51.872432
43,Rio Grande do Sul,RS,4315909,Rodeio Bonito,Sul,-27.470477,-53.169708
43,Rio Grande do Sul,RS,4315958,Rolador,Sul,-28.255899,-54.817921
43,Rio Grande do Sul,RS,4316006,Rolante,Sul,-29.652794,-50.576939
43,Rio Grande do Sul,RS,4316105,Ronda Alta,Sul,-27.782064,-52.807804
43,Rio Grande do Sul,RS,4316204,Rondinha,Sul,-27.829553,-52.908407
43,Rio Grande do Sul,RS,4316303,Roque Gonzales,Sul,-28.132458,-55.026342
43,Rio Grande do Sul,RS,4316402,Rosário do Sul,Sul,-30.252715,-54.917938
43,Rio Grande do Sul,RS,4316428,Sagrada Família,Sul,-29.16,-51.16
43,Rio Grande do Sul,RS,4316436,Saldanha Marinho,Sul,-28.394081,-53.097006
43,Rio Grande do Sul,RS,4316451,Salto do Jacuí,Sul,-29.089977,-53.211124
43,Rio Grande do Sul,RS,4316477,Salvador das Missões,Sul,-28.123269,-54.835411
43,Rio Grande do Sul,RS,4316501,Salvador do Sul,Sul,-29.43957,-51.51033
43,Rio Grande do Sul,RS,4316600,Sananduva,Sul,-27.949938,-51.807444
43,Rio Grande do Sul,RS,4316709,Santa Bárbara do Sul,Sul,-28.365472,-53.2511
43,Rio Grande do Sul,RS,4316733,Santa Cecília do Sul,Sul,-28.16251,-51.929793
43,Rio Grande do Sul,RS,4316758,Santa Clara do Sul,Sul,-29.468602,-52.086864
43,Rio Grande do Sul,RS,4316808,Santa Cruz do Sul,Sul,-29.714187,-52.428591
43,Rio Grande do Sul,RS,4316907,Santa Maria,Sul,-29.686051,-53.806921
43,Rio Grande do Sul,RS,4316956,Santa Maria do Herval,Sul,-29.497727,-50.991942
43,Rio Grande do Sul,RS,4316972,Santa Margarida do Sul,Sul,-30.339117,-54.085674
43,Rio Grande do Sul,RS,4317004,Santana da Boa Vista,Sul,-30.873687,-53.11483
43,Rio Grande do Sul,RS,4317103,Sant'Ana do Livramento,Sul,-30.88941,-55.531769
43,Rio Grande do Sul,RS,4317202,Santa Rosa,Sul,-27.864355,-54.477929
43,Rio Grande do Sul,RS,4317251,Santa Tereza,Sul,-28.14,-54.55
43,Rio Grande do Sul,RS,4317301,Santa Vitória do Palmar,Sul,-33.519557,-53.369266
43,Rio Grande do Sul,RS,4317400,Santiago,Sul,-29.189675,-54.866624
43,Rio Grande do Sul,RS,4317509,Santo Ângelo,Sul,-28.300048,-54.266997
43,Rio Grande do Sul,RS,4317558,Santo Antônio do Palma,Sul,-28.494656,-52.025477
43,Rio Grande do Sul,RS,4317608,Santo Antônio da Patrulha,Sul,-29.826768,-50.517489
43,Rio Grande do Sul,RS,4317707,Santo Antônio das Missões,Sul,-28.51179,-55.229005
43,Rio Grande do Sul,RS,4317756,Santo Antônio do Planalto,Sul,-28.39918,-52.691032
43,Rio Grande do Sul,RS,4317806,Santo Augusto,Sul,-27.852577,-53.777605
43,Rio Grande do Sul,RS,4317905,Santo Cristo,Sul,-27.826259,-54.661963
43,Rio Grande do Sul,RS,4317954,Santo Expedito do Sul,Sul,-27.909861,-51.643307
43,Rio Grande do Sul,RS,4318002,São Borja,Sul,-28.659224,-56.00443
43,Rio Grande do Sul,RS,4318051,São Domingos do Sul,Sul,-28.529724,-51.890531
43,Rio Grande do Sul,RS,4318101,São Francisco de Assis,Sul,-29.559214,-55.120984
43,Rio Grande do Sul,RS,4318200,São Francisco de Paula,Sul,-29.448454,-50.583303
43,Rio Grande do Sul,RS,4318309,São Gabriel,Sul,-30.334214,-54.322715
43,Rio Grande do Sul,RS,4318408,São Jerônimo,Sul,-29.959642,-51.723819
43,Rio Grande do Sul,RS,4318424,São João da Urtiga,Sul,-27.816272,-51.829774
43,Rio Grande do Sul,RS,4318432,São João do Polêsine,Sul,-29.615642,-53.445541
43,Rio Grande do Sul,RS,4318440,São Jorge,Sul,-29.67,-51.1
43,Rio Grande do Sul,RS,4318457,São José das Missões,Sul,-27.778365,-53.118585
43,Rio Grande do Sul,RS,4318465,São José do Herval,Sul,-29.044821,-52.294878
43,Rio Grande do Sul,RS,4318481,São José do Hortêncio,Sul,-29.530538,-51.250303
43,Rio Grande do Sul,RS,4318499,São José do Inhacorá,Sul,-27.725055,-54.127462
43,Rio Grande do Sul,RS,4318507,São José do Norte,Sul,-32.014518,-52.040608
43,Rio Grande do Sul,RS,4318606,São José do Ouro,Sul,-27.773618,-51.594767
43,Rio Grande do Sul,RS,4318614,São José do Sul,Sul,-29.537476,-51.482891
43,Rio Grande do Sul,RS,4318622,São José dos Ausentes,Sul,-28.747731,-50.064558
43,Rio Grande do Sul,RS,4318705,São Leopoldo,Sul,-29.75444,-51.15165
43,Rio Grande do Sul,RS,4318804,São Lourenço do Sul,Sul,-31.366929,-51.981484
43,Rio Grande do Sul,RS,4318903,São Luiz Gonzaga,Sul,-28.407455,-54.960908
43,Rio Grande do Sul,RS,4319000,São Marcos,Sul,-28.97068,-51.068767
43,Rio Grande do Sul,RS,4319109,São Martinho,Sul,-27.707514,-53.966349
43,Rio Grande do Sul,RS,4319125,São Martinho da Serra,Sul,-29.538077,-53.854493
43,Rio Grande do Sul,RS,4319158,São Miguel das Missões,Sul,-28.547076,-54.553011
43,Rio Grande do Sul,RS,4319208,São Nicolau,Sul,-28.185739,-55.261504
43,Rio Grande do Sul,RS,4319307,São Paulo das Missões,Sul,-28.022589,-54.936466
43,Rio Grande do Sul,RS,4319356,São Pedro da Serra,Sul,-29.419558,-51.514211
43,Rio Grande do Sul,RS,4319364,São Pedro das Missões,Sul,-27.772904,-53.247886
43,Rio Grande do Sul,RS,4319372,São Pedro do Butiá,Sul,-28.12425,-54.892603
43,Rio Grande do Sul,RS,4319406,São Pedro do Sul,Sul,-29.615273,-54.179031
43,Rio Grande do Sul,RS,4319505,São Sebastião do Caí,Sul,-29.591178,-51.377877
43,Rio Grande do Sul,RS,4319604,São Sepé,Sul,-30.167219,-53.569091
43,Rio Grande do Sul,RS,4319703,São Valentim,Sul,-29.7542,-53.9348
43,Rio Grande do Sul,RS,4319711,São Valentim do Sul,Sul,-29.050335,-51.767503
43,Rio Grande do Sul,RS,4319737,São Valério do Sul,Sul,-27.788182,-53.934821
43,Rio Grande do Sul,RS,4319752,São Vendelino,Sul,-29.368493,-51.379043
43,Rio Grande do Sul,RS,4319802,São Vicente do Sul,Sul,-29.688161,-54.682643
43,Rio Grande do Sul,RS,4319901,Sapiranga,Sul,-29.639238,-51.006859
43,Rio Grande do Sul,RS,4320008,Sapucaia do Sul,Sul,-29.819702,-51.160872
43,Rio Grande do Sul,RS,4320107,Sarandi,Sul,-29.9989,-51.1243
43,Rio Grande do Sul,RS,4320206,Seberi,Sul,-27.482813,-53.401325
43,Rio Grande do Sul,RS,4320230,Sede Nova,Sul,-27.636739,-53.94929
43,Rio Grande do Sul,RS,4320263,Segredo,Sul,-29.343127,-52.979379
43,Rio Grande do Sul,RS,4320305,Selbach,Sul,-28.629987,-52.953066
43,Rio Grande do Sul,RS,4320321,Senador Salgado Filho,Sul,-28.027023,-54.543514
43,Rio Grande do Sul,RS,4320354,Sentinela do Sul,Sul,-30.611886,-51.581712
43,Rio Grande do Sul,RS,4320404,Serafina Corrêa,Sul,-28.712027,-51.934327
43,Rio Grande do Sul,RS,4320453,Sério,Sul,-29.384499,-52.268574
43,Rio Grande do Sul,RS,4320503,Sertão,Sul,-27.985381,-52.257587
43,Rio Grande do Sul,RS,4320552,Sertão Santana,Sul,-30.461713,-51.604199
43,Rio Grande do Sul,RS,4320578,Sete de Setembro,Sul,-29.61,-51.16
43,Rio Grande do Sul,RS,4320602,Severiano de Almeida,Sul,-27.433218,-52.115507
43,Rio Grande do Sul,RS,4320651,Silveira Martins,Sul,-29.643191,-53.586704
43,Rio Grande do Sul,RS,4320677,Sinimbu,Sul,-29.538552000000003,-52.5207425
43,Rio Grande do Sul,RS,4320701,Sobradinho,Sul,-29.413183,-53.025679
43,Rio Grande do Sul,RS,4320800,Soledade,Sul,-28.827247,-52.510916
43,Rio Grande do Sul,RS,4320859,Tabaí,Sul,-29.687784,-51.718085
43,Rio Grande do Sul,RS,4320909,Tapejara,Sul,-28.069233,-52.011716
43,Rio Grande do Sul,RS,4321006,Tapera,Sul,-28.626296,-52.868087
43,Rio Grande do Sul,RS,4321105,Tapes,Sul,-30.674772,-51.39862
43,Rio Grande do Sul,RS,4321204,Taquara,Sul,-29.646532,-50.780567
43,Rio Grande do Sul,RS,4321303,Taquari,Sul,-29.79433,-51.865346
43,Rio Grande do Sul,RS,4321329,Taquaruçu do Sul,Sul,-27.400399,-53.46841
43,Rio Grande do Sul,RS,4321352,Tavares,Sul,-31.287471,-51.089799
43,Rio Grande do Sul,RS,4321402,Tenente Portela,Sul,-29.6522934,-50.7876798
43,Rio Grande do Sul,RS,4321436,Terra de Areia,Sul,-29.578945,-50.06336
43,Rio Grande do Sul,RS,4321451,Teutônia,Sul,-29.481657,-51.813752
43,Rio Grande do Sul,RS,4321469,Tio Hugo,Sul,-28.576843,-52.596907
43,Rio Grande do Sul,RS,4321477,Tiradentes do Sul,Sul,-27.402229,-54.081367
43,Rio Grande do Sul,RS,4321493,Toropi,Sul,-29.478246,-54.224398
43,Rio Grande do Sul,RS,4321501,Torres,Sul,-29.337366,-49.729965
43,Rio Grande do Sul,RS,4321600,Tramandaí,Sul,-29.985534,-50.131608
43,Rio Grande do Sul,RS,4321626,Travesseiro,Sul,-29.297756,-52.05621
43,Rio Grande do Sul,RS,4321634,Três Arroios,Sul,-27.499506,-52.149354
43,Rio Grande do Sul,RS,4321667,Três Cachoeiras,Sul,-29.452124,-49.919061
43,Rio Grande do Sul,RS,4321709,Três Coroas,Sul,-29.515502,-50.777064
43,Rio Grande do Sul,RS,4321808,Três de Maio,Sul,-27.779941,-54.235663
43,Rio Grande do Sul,RS,4321832,Três Forquilhas,Sul,-29.537548,-50.065054
43,Rio Grande do Sul,RS,4321857,Três Palmeiras,Sul,-27.616622,-52.841263
43,Rio Grande do Sul,RS,4321907,Três Passos,Sul,-27.455611,-53.92944
43,Rio Grande do Sul,RS,4321956,Trindade do Sul,Sul,-27.521895,-52.898602
43,Rio Grande do Sul,RS,4322004,Triunfo,Sul,-29.940797,-51.719186
43,Rio Grande do Sul,RS,4322103,Tucunduva,Sul,-27.658184,-54.441661
43,Rio Grande do Sul,RS,4322152,Tunas,Sul,-29.105303,-52.956933
43,Rio Grande do Sul,RS,4322186,Tupanci do Sul,Sul,-27.923966,-51.537799
43,Rio Grande do Sul,RS,4322202,Tupanciretã,Sul,-29.079876,-53.838667
43,Rio Grande do Sul,RS,4322251,Tupandi,Sul,-29.477927,-51.420923
43,Rio Grande do Sul,RS,4322301,Tuparendi,Sul,-27.762299,-54.482932
43,Rio Grande do Sul,RS,4322327,Turuçu,Sul,-31.41916,-52.176516
43,Rio Grande do Sul,RS,4322343,Ubiretama,Sul,-28.045569,-54.68158
43,Rio Grande do Sul,RS,4322350,União da Serra,Sul,-28.753176,-52.015285
43,Rio Grande do Sul,RS,4322376,Unistalda,Sul,-29.047611,-55.150379
43,Rio Grande do Sul,RS,4322400,Uruguaiana,Sul,-29.756073,-57.086755
43,Rio Grande do Sul,RS,4322509,Vacaria,Sul,-28.51029,-50.935604
43,Rio Grande do Sul,RS,4322525,Vale Verde,Sul,-29.57,-51.09
43,Rio Grande do Sul,RS,4322533,Vale do Sol,Sul,-29.603646,-52.686733
43,Rio Grande do Sul,RS,4322541,Vale Real,Sul,-29.391944,-51.255859
43,Rio Grande do Sul,RS,4322558,Vanini,Sul,-28.476269,-51.845298
43,Rio Grande do Sul,RS,4322608,Venâncio Aires,Sul,-29.614306,-52.193159
43,Rio Grande do Sul,RS,4322707,Vera Cruz,Sul,-29.715723,-52.50074
43,Rio Grande do Sul,RS,4322806,Veranópolis,Sul,-28.935129,-51.551674
43,Rio Grande do Sul,RS,4322855,Vespasiano Corrêa,Sul,-29.068966,-51.859791
43,Rio Grande do Sul,RS,4322905,Viadutos,Sul,-27.570649,-52.021068
43,Rio Grande do Sul,RS,4323002,Viamão,Sul,-30.081934,-51.026193
43,Rio Grande do Sul,RS,4323101,Vicente Dutra,Sul,-27.166931,-53.404854
43,Rio Grande do Sul,RS,4323200,Victor Graeff,Sul,-28.563163,-52.749535
43,Rio Grande do Sul,RS,4323309,Vila Flores,Sul,-28.864424,-51.55065
43,Rio Grande do Sul,RS,4323358,Vila Lângaro,Sul,-28.107395,-52.144625
43,Rio Grande do Sul,RS,4323408,Vila Maria,Sul,-28.53429,-52.154844
43,Rio Grande do Sul,RS,4323457,Vila Nova do Sul,Sul,-30.343232,-53.883391
43,Rio Grande do Sul,RS,4323507,Vista Alegre,Sul,-29.618487,-51.162654
43,Rio Grande do Sul,RS,4323606,Vista Alegre do Prata,Sul,-28.808083,-51.786856
43,Rio Grande do Sul,RS,4323705,Vista Gaúcha,Sul,-27.289717,-53.702475
43,Rio Grande do Sul,RS,4323754,Vitória das Missões,Sul,-28.352579,-54.499571
43,Rio Grande do Sul,RS,4323770,Westfália,Sul,-29.421931,-51.766367
43,Rio Grande do Sul,RS,4323804,Xangri-lá,Sul,-29.803942,-50.041375
50,Mato Grosso do Sul,MS,5000203,Água Clara,Centro Oeste,-20.438576,-52.87975
50,Mato Grosso do Sul,MS,5000252,Alcinópolis,Centro Oeste,-18.326412,-53.709446
50,Mato Grosso do Sul,MS,5000609,Amambai,Centro Oeste,-20.4689,-54.629
50,Mato Grosso do Sul,MS,5000708,Anastácio,Centro Oeste,-20.483246,-55.804845
50,Mato Grosso do Sul,MS,5000807,Anaurilândia,Centro Oeste,-22.185169,-52.719056
50,Mato Grosso do Sul,MS,5000856,Angélica,Centro Oeste,-22.15882,-53.77285
50,Mato Grosso do Sul,MS,5000906,Antônio João,Centro Oeste,-22.189284,-55.950823
50,Mato Grosso do Sul,MS,5001003,Aparecida do Taboado,Centro Oeste,-20.08403,-51.101394
50,Mato Grosso do Sul,MS,5001102,Aquidauana,Centro Oeste,-20.473969,-55.782138
50,Mato Grosso do Sul,MS,5001243,Aral Moreira,Centro Oeste,-22.951141,-55.626842
50,Mato Grosso do Sul,MS,5001508,Bandeirantes,Centro Oeste,-20.4778,-54.6397
50,Mato Grosso do Sul,MS,5001904,Bataguassu,Centro Oeste,-21.715899,-52.422058
50,Mato Grosso do Sul,MS,5002001,Batayporã,Centro Oeste,-22.297647,-53.268561
50,Mato Grosso do Sul,MS,5002100,Bela Vista,Centro Oeste,-20.4706,-54.5947
50,Mato Grosso do Sul,MS,5002159,Bodoquena,Centro Oeste,-20.550877,-56.676965
50,Mato Grosso do Sul,MS,5002209,Bonito,Centro Oeste,-21.126477,-56.490221
50,Mato Grosso do Sul,MS,5002308,Brasilândia,Centro Oeste,-21.255575,-52.036562
50,Mato Grosso do Sul,MS,5002407,Caarapó,Centro Oeste,-22.634927,-54.82409
50,Mato Grosso do Sul,MS,5002605,Camapuã,Centro Oeste,-19.529175,-54.043464
50,Mato Grosso do Sul,MS,5002704,Campo Grande,Centro Oeste,-20.464017,-54.616295
50,Mato Grosso do Sul,MS,5002803,Caracol,Centro Oeste,-22.016995,-57.029835
50,Mato Grosso do Sul,MS,5002902,Cassilândia,Centro Oeste,-19.112824,-51.734535
50,Mato Grosso do Sul,MS,5002951,Chapadão do Sul,Centro Oeste,-18.794905,-52.619951
50,Mato Grosso do Sul,MS,5003108,Corguinho,Centro Oeste,-19.827429,-54.832224
50,Mato Grosso do Sul,MS,5003157,Coronel Sapucaia,Centro Oeste,-23.27186,-55.528817
50,Mato Grosso do Sul,MS,5003207,Corumbá,Centro Oeste,-19.001636,-57.653432
50,Mato Grosso do Sul,MS,5003256,Costa Rica,Centro Oeste,-18.533386,-53.139429
50,Mato Grosso do Sul,MS,5003306,Coxim,Centro Oeste,-18.504915,-54.745025
50,Mato Grosso do Sul,MS,5003454,Deodápolis,Centro Oeste,-22.276272,-54.168163
50,Mato Grosso do Sul,MS,5003488,Dois Irmãos do Buriti,Centro Oeste,-20.690611,-55.276027
50,Mato Grosso do Sul,MS,5003504,Douradina,Centro Oeste,-22.040281,-54.611829
50,Mato Grosso do Sul,MS,5003702,Dourados,Centro Oeste,-22.220614,-54.812208
50,Mato Grosso do Sul,MS,5003751,Eldorado,Centro Oeste,-23.783881,-54.283202
50,Mato Grosso do Sul,MS,5003801,Fátima do Sul,Centro Oeste,-22.37505,-54.516698
50,Mato Grosso do Sul,MS,5003900,Figueirão,Centro Oeste,-18.67821,-53.637986
50,Mato Grosso do Sul,MS,5004007,Glória de Dourados,Centro Oeste,-22.417373,-54.231339
50,Mato Grosso do Sul,MS,5004106,Guia Lopes da Laguna,Centro Oeste,-21.458318,-56.111711
50,Mato Grosso do Sul,MS,5004304,Iguatemi,Centro Oeste,-23.673555,-54.563731
50,Mato Grosso do Sul,MS,5004403,Inocência,Centro Oeste,-19.731075,-51.93075
50,Mato Grosso do Sul,MS,5004502,Itaporã,Centro Oeste,-22.079914,-54.787424
50,Mato Grosso do Sul,MS,5004601,Itaquiraí,Centro Oeste,-23.480191,-54.183369
50,Mato Grosso do Sul,MS,5004700,Ivinhema,Centro Oeste,-22.302254,-53.827601
50,Mato Grosso do Sul,MS,5004809,Japorã,Centro Oeste,-23.891916,-54.406888
50,Mato Grosso do Sul,MS,5004908,Jaraguari,Centro Oeste,-20.101975,-54.437742
50,Mato Grosso do Sul,MS,5005004,Jardim,Centro Oeste,-21.479941,-56.148902
50,Mato Grosso do Sul,MS,5005103,Jateí,Centro Oeste,-22.481562,-54.307006
50,Mato Grosso do Sul,MS,5005152,Juti,Centro Oeste,-22.861199,-54.604793
50,Mato Grosso do Sul,MS,5005202,Ladário,Centro Oeste,-19.003658,-57.602829
50,Mato Grosso do Sul,MS,5005251,Laguna Carapã,Centro Oeste,-22.554923,-55.150555
50,Mato Grosso do Sul,MS,5005400,Maracaju,Centro Oeste,-21.6163,-55.164605
50,Mato Grosso do Sul,MS,5005608,Miranda,Centro Oeste,-20.240108,-56.384473
50,Mato Grosso do Sul,MS,5005681,Mundo Novo,Centro Oeste,-23.937888,-54.285949
50,Mato Grosso do Sul,MS,5005707,Naviraí,Centro Oeste,-23.062215,-54.201832
50,Mato Grosso do Sul,MS,5005806,Nioaque,Centro Oeste,-21.160553,-55.828342
50,Mato Grosso do Sul,MS,5006002,Nova Alvorada do Sul,Centro Oeste,-21.458727,-54.376063
50,Mato Grosso do Sul,MS,5006200,Nova Andradina,Centro Oeste,-22.247756,-53.348062
50,Mato Grosso do Sul,MS,5006259,Novo Horizonte do Sul,Centro Oeste,-22.654656,-53.857078
50,Mato Grosso do Sul,MS,5006275,Paraíso das Águas,Centro Oeste,-19.021928,-53.012265
50,Mato Grosso do Sul,MS,5006309,Paranaíba,Centro Oeste,-19.675197,-51.187499
50,Mato Grosso do Sul,MS,5006358,Paranhos,Centro Oeste,-23.892785,-55.428721
50,Mato Grosso do Sul,MS,5006408,Pedro Gomes,Centro Oeste,-18.09908,-54.550579
50,Mato Grosso do Sul,MS,5006606,Ponta Porã,Centro Oeste,-22.528692,-55.723426
50,Mato Grosso do Sul,MS,5006903,Porto Murtinho,Centro Oeste,-21.698078,-57.883586
50,Mato Grosso do Sul,MS,5007109,Ribas do Rio Pardo,Centro Oeste,-20.447798,-53.7609
50,Mato Grosso do Sul,MS,5007208,Rio Brilhante,Centro Oeste,-21.804647,-54.543305
50,Mato Grosso do Sul,MS,5007307,Rio Negro,Centro Oeste,-19.446698,-54.986043
50,Mato Grosso do Sul,MS,5007406,Rio Verde de Mato Grosso,Centro Oeste,-18.916921,-54.841073
50,Mato Grosso do Sul,MS,5007505,Rochedo,Centro Oeste,-19.956488,-54.884769
50,Mato Grosso do Sul,MS,5007554,Santa Rita do Pardo,Centro Oeste,-21.302554,-52.826214
50,Mato Grosso do Sul,MS,5007695,São Gabriel do Oeste,Centro Oeste,-19.394484,-54.575521
50,Mato Grosso do Sul,MS,5007703,Sete Quedas,Centro Oeste,-18.937827,-54.900951
50,Mato Grosso do Sul,MS,5007802,Selvíria,Centro Oeste,-20.363831,-51.418382
50,Mato Grosso do Sul,MS,5007901,Sidrolândia,Centro Oeste,-20.936104,-54.964026
50,Mato Grosso do Sul,MS,5007935,Sonora,Centro Oeste,-17.585203,-54.754829
50,Mato Grosso do Sul,MS,5007950,Tacuru,Centro Oeste,-23.635954,-55.014137
50,Mato Grosso do Sul,MS,5007976,Taquarussu,Centro Oeste,-20.48,-54.63
50,Mato Grosso do Sul,MS,5008008,Terenos,Centro Oeste,-20.440926,-54.865605
50,Mato Grosso do Sul,MS,5008305,Três Lagoas,Centro Oeste,-20.78668,-51.706125
50,Mato Grosso do Sul,MS,5008404,Vicentina,Centro Oeste,-22.409345,-54.437092
51,Mato Grosso,MT,5100102,Acorizal,Centro Oeste,-15.200154,-56.366895
51,Mato Grosso,MT,5100201,Água Boa,Centro Oeste,-11.8935569,-55.506348
51,Mato Grosso,MT,5100250,Alta Floresta,Centro Oeste,-9.871502,-56.083988
51,Mato Grosso,MT,5100300,Alto Araguaia,Centro Oeste,-17.315653,-53.216937
51,Mato Grosso,MT,5100359,Alto Boa Vista,Centro Oeste,-11.672398,-51.374443
51,Mato Grosso,MT,5100409,Alto Garças,Centro Oeste,-16.946968,-53.529427
51,Mato Grosso,MT,5100508,Alto Paraguai,Centro Oeste,-14.513712,-56.493637
51,Mato Grosso,MT,5100607,Alto Taquari,Centro Oeste,-17.82691,-53.283174
51,Mato Grosso,MT,5100805,Apiacás,Centro Oeste,-9.567842,-57.394852
51,Mato Grosso,MT,5101001,Araguaiana,Centro Oeste,-15.729144,-51.834112
51,Mato Grosso,MT,5101209,Araguainha,Centro Oeste,-11.8193005,-55.5280889
51,Mato Grosso,MT,5101258,Araputanga,Centro Oeste,-15.471087,-58.346796
51,Mato Grosso,MT,5101308,Arenápolis,Centro Oeste,-14.460185,-56.843667
51,Mato Grosso,MT,5101407,Aripuanã,Centro Oeste,-10.175806,-59.443966
51,Mato Grosso,MT,5101605,Barão de Melgaço,Centro Oeste,-16.195776,-55.966805
51,Mato Grosso,MT,5101704,Barra do Bugres,Centro Oeste,-15.068371,-57.185369
51,Mato Grosso,MT,5101803,Barra do Garças,Centro Oeste,-15.891603,-52.261541
51,Mato Grosso,MT,5101852,Bom Jesus do Araguaia,Centro Oeste,-12.17259,-51.507443
51,Mato Grosso,MT,5101902,Brasnorte,Centro Oeste,-12.122715,-58.005011
51,Mato Grosso,MT,5102504,Cáceres,Centro Oeste,-16.064431,-57.687974
51,Mato Grosso,MT,5102603,Campinápolis,Centro Oeste,-14.540373,-52.797063
51,Mato Grosso,MT,5102637,Campo Novo do Parecis,Centro Oeste,-13.658735,-57.890723
51,Mato Grosso,MT,5102678,Campo Verde,Centro Oeste,-15.543079,-55.159051
51,Mato Grosso,MT,5102686,Campos de Júlio,Centro Oeste,-13.722365,-59.26453
51,Mato Grosso,MT,5102694,Canabrava do Norte,Centro Oeste,-11.8185288,-55.5233548
51,Mato Grosso,MT,5102702,Canarana,Centro Oeste,-13.55646,-52.269117
51,Mato Grosso,MT,5102793,Carlinda,Centro Oeste,-9.969067,-55.820019
51,Mato Grosso,MT,5102850,Castanheira,Centro Oeste,-11.139195,-58.608855
51,Mato Grosso,MT,5103007,Chapada dos Guimarães,Centro Oeste,-15.464343,-55.749857
51,Mato Grosso,MT,5103056,Cláudia,Centro Oeste,-11.8195369,-55.5234827
51,Mato Grosso,MT,5103106,Cocalinho,Centro Oeste,-11.8195179,-55.5294251
51,Mato Grosso,MT,5103205,Colíder,Centro Oeste,-10.8095,-55.454039
51,Mato Grosso,MT,5103254,Colniza,Centro Oeste,-9.456064,-59.219713
51,Mato Grosso,MT,5103304,Comodoro,Centro Oeste,-13.658111,-59.786883
51,Mato Grosso,MT,5103353,Confresa,Centro Oeste,-11.8186415,-55.5240463
51,Mato Grosso,MT,5103361,Conquista D'Oeste,Centro Oeste,-14.538117,-59.544378
51,Mato Grosso,MT,5103379,Cotriguaçu,Centro Oeste,-9.903436,-58.565892
51,Mato Grosso,MT,5103403,Cuiabá,Centro Oeste,-15.598669,-56.09913
51,Mato Grosso,MT,5103437,Curvelândia,Centro Oeste,-15.610863,-57.918892
51,Mato Grosso,MT,5103452,Denise,Centro Oeste,-14.729216,-57.048298
51,Mato Grosso,MT,5103502,Diamantino,Centro Oeste,-14.403626,-56.436449
51,Mato Grosso,MT,5103601,Dom Aquino,Centro Oeste,-15.61,-56.1
51,Mato Grosso,MT,5103700,Feliz Natal,Centro Oeste,-12.380246,-54.938979
51,Mato Grosso,MT,5103809,Figueirópolis D'Oeste,Centro Oeste,-15.443918,-58.739149
51,Mato Grosso,MT,5103858,Gaúcha do Norte,Centro Oeste,-13.18136,-53.254395
51,Mato Grosso,MT,5103908,General Carneiro,Centro Oeste,-11.8180938,-55.5290314
51,Mato Grosso,MT,5103957,Glória D'Oeste,Centro Oeste,-15.768009,-58.310759
51,Mato Grosso,MT,5104104,Guarantã do Norte,Centro Oeste,-9.951799,-54.909818
51,Mato Grosso,MT,5104203,Guiratinga,Centro Oeste,-11.8196359,-55.5301487
51,Mato Grosso,MT,5104500,Indiavaí,Centro Oeste,-15.49414,-58.576592
51,Mato Grosso,MT,5104526,Ipiranga do Norte,Centro Oeste,-12.2408,-56.153101
51,Mato Grosso,MT,5104542,Itanhangá,Centro Oeste,-12.232304,-56.641825
51,Mato Grosso,MT,5104559,Itaúba,Centro Oeste,-11.008495,-55.248074
51,Mato Grosso,MT,5104609,Itiquira,Centro Oeste,-17.203327,-54.144692
51,Mato Grosso,MT,5104807,Jaciara,Centro Oeste,-15.952011,-54.976211
51,Mato Grosso,MT,5104906,Jangada,Centro Oeste,-11.8172138,-55.5206316
51,Mato Grosso,MT,5105002,Jauru,Centro Oeste,-15.340776,-58.868314
51,Mato Grosso,MT,5105101,Juara,Centro Oeste,-11.253559,-57.508007
51,Mato Grosso,MT,5105150,Juína,Centro Oeste,-11.423091,-58.757021
51,Mato Grosso,MT,5105176,Juruena,Centro Oeste,-10.328272,-58.496892
51,Mato Grosso,MT,5105200,Juscimeira,Centro Oeste,-16.051782,-54.889351
51,Mato Grosso,MT,5105234,Lambari D'Oeste,Centro Oeste,-15.318845,-58.004624
51,Mato Grosso,MT,5105259,Lucas do Rio Verde,Centro Oeste,-13.066461,-55.919671
51,Mato Grosso,MT,5105309,Luciara,Centro Oeste,-11.818749,-55.5247058
51,Mato Grosso,MT,5105507,Vila Bela da Santíssima Trindade,Centro Oeste,-15.009904,-59.961115
51,Mato Grosso,MT,5105580,Marcelândia,Centro Oeste,-11.079426,-54.520245
51,Mato Grosso,MT,5105606,Matupá,Centro Oeste,-10.168324,-54.934619
51,Mato Grosso,MT,5105622,Mirassol d'Oeste,Centro Oeste,-15.675947,-58.09514
51,Mato Grosso,MT,5105903,Nobres,Centro Oeste,-14.719623,-56.335131
51,Mato Grosso,MT,5106000,Nortelândia,Centro Oeste,-14.451897,-56.804375
51,Mato Grosso,MT,5106109,Nossa Senhora do Livramento,Centro Oeste,-15.772518,-56.34429
51,Mato Grosso,MT,5106158,Nova Bandeirantes,Centro Oeste,-9.849417,-57.81397
51,Mato Grosso,MT,5106174,Nova Nazaré,Centro Oeste,-13.989774,-51.799894
51,Mato Grosso,MT,5106182,Nova Lacerda,Centro Oeste,-14.475385,-59.58815
51,Mato Grosso,MT,5106190,Nova Santa Helena,Centro Oeste,-10.849536,-55.178044
51,Mato Grosso,MT,5106208,Nova Brasilândia,Centro Oeste,-14.929862,-54.973665
51,Mato Grosso,MT,5106216,Nova Canaã do Norte,Centro Oeste,-10.636788,-55.709177
51,Mato Grosso,MT,5106224,Nova Mutum,Centro Oeste,-13.825501,-56.084926
51,Mato Grosso,MT,5106232,Nova Olímpia,Centro Oeste,-14.776465,-57.281316
51,Mato Grosso,MT,5106240,Nova Ubiratã,Centro Oeste,-13.03484,-55.253905
51,Mato Grosso,MT,5106257,Nova Xavantina,Centro Oeste,-14.679416,-52.351994
51,Mato Grosso,MT,5106265,Novo Mundo,Centro Oeste,-15.64,-56.21
51,Mato Grosso,MT,5106273,Novo Horizonte do Norte,Centro Oeste,-11.390402,-57.315907
51,Mato Grosso,MT,5106281,Novo São Joaquim,Centro Oeste,-14.910823,-53.01775
51,Mato Grosso,MT,5106299,Paranaíta,Centro Oeste,-9.66556,-56.475812
51,Mato Grosso,MT,5106307,Paranatinga,Centro Oeste,-14.429786,-54.050343
51,Mato Grosso,MT,5106315,Novo Santo Antônio,Centro Oeste,-12.290976,-50.97048
51,Mato Grosso,MT,5106372,Pedra Preta,Centro Oeste,-16.623001,-54.476123
51,Mato Grosso,MT,5106422,Peixoto de Azevedo,Centro Oeste,-10.24292,-54.991986
51,Mato Grosso,MT,5106455,Planalto da Serra,Centro Oeste,-14.662799,-54.775623
51,Mato Grosso,MT,5106505,Poconé,Centro Oeste,-16.263409,-56.622972
51,Mato Grosso,MT,5106653,Pontal do Araguaia,Centro Oeste,-15.90451,-52.257365
51,Mato Grosso,MT,5106703,Ponte Branca,Centro Oeste,-11.8197435,-55.5308083
51,Mato Grosso,MT,5106752,Pontes e Lacerda,Centro Oeste,-15.231517,-59.334951
51,Mato Grosso,MT,5106778,Porto Alegre do Norte,Centro Oeste,-10.879285,-51.639198
51,Mato Grosso,MT,5106802,Porto dos Gaúchos,Centro Oeste,-11.532999,-57.413233
51,Mato Grosso,MT,5106828,Porto Esperidião,Centro Oeste,-15.852166,-58.469309
51,Mato Grosso,MT,5106851,Porto Estrela,Centro Oeste,-15.333115,-57.208099
51,Mato Grosso,MT,5107008,Poxoréu,Centro Oeste,-15.829089,-54.392538
51,Mato Grosso,MT,5107040,Primavera do Leste,Centro Oeste,-15.561413,-54.299395
51,Mato Grosso,MT,5107065,Querência,Centro Oeste,-12.594462,-52.208851
51,Mato Grosso,MT,5107107,São José dos Quatro Marcos,Centro Oeste,-15.627584,-58.177217
51,Mato Grosso,MT,5107156,Reserva do Cabaçal,Centro Oeste,-15.121121,-58.383618
51,Mato Grosso,MT,5107180,Ribeirão Cascalheira,Centro Oeste,-12.936738,-51.824421
51,Mato Grosso,MT,5107198,Ribeirãozinho,Centro Oeste,-11.819324250000001,-55.53298355
51,Mato Grosso,MT,5107206,Rio Branco,Centro Oeste,-15.239811,-58.116077
51,Mato Grosso,MT,5107248,Santa Carmem,Centro Oeste,-11.974561,-55.278805
51,Mato Grosso,MT,5107263,Santo Afonso,Centro Oeste,-14.49607,-57.00451
51,Mato Grosso,MT,5107297,São José do Povo,Centro Oeste,-16.46478,-54.253904
51,Mato Grosso,MT,5107305,São José do Rio Claro,Centro Oeste,-13.44671,-56.721437
51,Mato Grosso,MT,5107354,São José do Xingu,Centro Oeste,-10.803888,-52.735782
51,Mato Grosso,MT,5107404,São Pedro da Cipa,Centro Oeste,-16.003044,-54.921231
51,Mato Grosso,MT,5107578,Rondolândia,Centro Oeste,-10.842877,-61.459696
51,Mato Grosso,MT,5107602,Rondonópolis,Centro Oeste,-16.460353,-54.63971
51,Mato Grosso,MT,5107701,Rosário Oeste,Centro Oeste,-14.825938,-56.42357
51,Mato Grosso,MT,5107743,Santa Cruz do Xingu,Centro Oeste,-10.153345,-52.392016
51,Mato Grosso,MT,5107750,Salto do Céu,Centro Oeste,-15.129566,-58.129891
51,Mato Grosso,MT,5107768,Santa Rita do Trivelato,Centro Oeste,-13.813952,-55.272109
51,Mato Grosso,MT,5107776,Santa Terezinha,Centro Oeste,-10.470375,-50.513986
51,Mato Grosso,MT,5107792,Santo Antônio do Leste,Centro Oeste,-14.803766,-53.609567
51,Mato Grosso,MT,5107800,Santo Antônio de Leverger,Centro Oeste,-15.562921,-56.0546861
51,Mato Grosso,MT,5107859,São Félix do Araguaia,Centro Oeste,-11.617065,-50.666725
51,Mato Grosso,MT,5107875,Sapezal,Centro Oeste,-13.547958,-58.814624
51,Mato Grosso,MT,5107883,Serra Nova Dourada,Centro Oeste,-11.8177663,-55.5334774
51,Mato Grosso,MT,5107909,Sinop,Centro Oeste,-11.8888198,-55.502426
51,Mato Grosso,MT,5107925,Sorriso,Centro Oeste,-12.544489,-55.723397
51,Mato Grosso,MT,5107941,Tabaporã,Centro Oeste,-11.308529,-56.821272
51,Mato Grosso,MT,5107958,Tangará da Serra,Centro Oeste,-14.62139,-57.490727
51,Mato Grosso,MT,5108006,Tapurah,Centro Oeste,-12.742385,-56.512037
51,Mato Grosso,MT,5108055,Terra Nova do Norte,Centro Oeste,-10.59952,-55.116703
51,Mato Grosso,MT,5108105,Tesouro,Centro Oeste,-11.81867735,-55.532747900000004
51,Mato Grosso,MT,5108204,Torixoréu,Centro Oeste,-16.200591,-52.557097
51,Mato Grosso,MT,5108303,União do Sul,Centro Oeste,-11.530871,-54.369564
51,Mato Grosso,MT,5108352,Vale de São Domingos,Centro Oeste,-15.296699,-59.065637
51,Mato Grosso,MT,5108402,Várzea Grande,Centro Oeste,-15.645816,-56.132218
51,Mato Grosso,MT,5108501,Vera,Centro Oeste,-12.29496,-55.294757
51,Mato Grosso,MT,5108600,Vila Rica,Centro Oeste,-11.8245764,-55.4792759
51,Mato Grosso,MT,5108808,Nova Guarita,Centro Oeste,-10.310203,-55.404269
51,Mato Grosso,MT,5108857,Nova Marilândia,Centro Oeste,-14.365344,-56.970901
51,Mato Grosso,MT,5108907,Nova Maringá,Centro Oeste,-13.031443,-57.092266
51,Mato Grosso,MT,5108956,Nova Monte Verde,Centro Oeste,-9.979669,-57.467331
52,Goiás,GO,5200050,Abadia de Goiás,Centro Oeste,-16.757264,-49.441221
52,Goiás,GO,5200100,Abadiânia,Centro Oeste,-16.194095,-48.706777
52,Goiás,GO,5200134,Acreúna,Centro Oeste,-17.39599,-50.374903
52,Goiás,GO,5200159,Adelândia,Centro Oeste,-16.415508,-50.166583
52,Goiás,GO,5200175,Água Fria de Goiás,Centro Oeste,-14.980337,-47.782431
52,Goiás,GO,5200209,Água Limpa,Centro Oeste,-18.075565,-48.762064
52,Goiás,GO,5200258,Águas Lindas de Goiás,Centro Oeste,-15.739228,-48.279336
52,Goiás,GO,5200308,Alexânia,Centro Oeste,-16.083405,-48.50778
52,Goiás,GO,5200506,Aloândia,Centro Oeste,-17.727798,-49.480934
52,Goiás,GO,5200555,Alto Horizonte,Centro Oeste,-14.195495,-49.336699
52,Goiás,GO,5200605,Alto Paraíso de Goiás,Centro Oeste,-14.130478,-47.510016
52,Goiás,GO,5200803,Alvorada do Norte,Centro Oeste,-14.483911,-46.49599
52,Goiás,GO,5200829,Amaralina,Centro Oeste,-13.92362,-49.296241
52,Goiás,GO,5200852,Americano do Brasil,Centro Oeste,-15.9352374,-50.1422152
52,Goiás,GO,5200902,Amorinópolis,Centro Oeste,-16.621131,-51.094992
52,Goiás,GO,5201108,Anápolis,Centro Oeste,-16.333283,-48.952576
52,Goiás,GO,5201207,Anhanguera,Centro Oeste,-18.333875,-48.220363
52,Goiás,GO,5201306,Anicuns,Centro Oeste,-16.460645,-49.957227
52,Goiás,GO,5201405,Aparecida de Goiânia,Centro Oeste,-16.822677,-49.245255
52,Goiás,GO,5201454,Aparecida do Rio Doce,Centro Oeste,-18.298017,-51.149131
52,Goiás,GO,5201504,Aporé,Centro Oeste,-18.964219,-51.92804
52,Goiás,GO,5201603,Araçu,Centro Oeste,-16.356158,-49.681527
52,Goiás,GO,5201702,Aragarças,Centro Oeste,-15.895717,-52.251454
52,Goiás,GO,5201801,Aragoiânia,Centro Oeste,-16.914639,-49.449915
52,Goiás,GO,5202155,Araguapaz,Centro Oeste,-15.093793,-50.626417
52,Goiás,GO,5202353,Arenópolis,Centro Oeste,-16.385929,-51.55937
52,Goiás,GO,5202502,Aruanã,Centro Oeste,-14.916244,-51.071569
52,Goiás,GO,5202601,Aurilândia,Centro Oeste,-16.67726,-50.464123
52,Goiás,GO,5202809,Avelinópolis,Centro Oeste,-16.467241,-49.757866
52,Goiás,GO,5203104,Baliza,Centro Oeste,-16.197812,-52.542789
52,Goiás,GO,5203203,Barro Alto,Centro Oeste,-14.969602,-48.919099
52,Goiás,GO,5203302,Bela Vista de Goiás,Centro Oeste,-16.969295,-48.951307
52,Goiás,GO,5203401,Bom Jardim de Goiás,Centro Oeste,-16.206266,-52.172793
52,Goiás,GO,5203500,Bom Jesus de Goiás,Centro Oeste,-18.217459,-49.739721
52,Goiás,GO,5203559,Bonfinópolis,Centro Oeste,-16.617271,-48.96157
52,Goiás,GO,5203575,Bonópolis,Centro Oeste,-13.649331,-49.832911
52,Goiás,GO,5203609,Brazabrantes,Centro Oeste,-16.429163,-49.385822
52,Goiás,GO,5203807,Britânia,Centro Oeste,-15.24276,-51.160206
52,Goiás,GO,5203906,Buriti Alegre,Centro Oeste,-18.137788,-49.040441
52,Goiás,GO,5203939,Buriti de Goiás,Centro Oeste,-16.180644,-50.428748
52,Goiás,GO,5203962,Buritinópolis,Centro Oeste,-14.457376,-46.430457
52,Goiás,GO,5204003,Cabeceiras,Centro Oeste,-15.799546,-46.926499
52,Goiás,GO,5204102,Cachoeira Alta,Centro Oeste,-18.761827,-50.943243
52,Goiás,GO,5204201,Cachoeira de Goiás,Centro Oeste,-16.668841,-50.6436
52,Goiás,GO,5204250,Cachoeira Dourada,Centro Oeste,-18.49342,-49.481062
52,Goiás,GO,5204300,Caçu,Centro Oeste,-18.563722,-51.136969
52,Goiás,GO,5204409,Caiapônia,Centro Oeste,-16.953878,-51.809076
52,Goiás,GO,5204508,Caldas Novas,Centro Oeste,-17.745,-48.625
52,Goiás,GO,5204557,Caldazinha,Centro Oeste,-16.711665,-49.00126
52,Goiás,GO,5204607,Campestre de Goiás,Centro Oeste,-16.762418,-49.69497
52,Goiás,GO,5204656,Campinaçu,Centro Oeste,-13.786997,-48.570384
52,Goiás,GO,5204706,Campinorte,Centro Oeste,-14.310457,-49.155217
52,Goiás,GO,5204805,Campo Alegre de Goiás,Centro Oeste,-17.63379,-47.779291
52,Goiás,GO,5204854,Campo Limpo de Goiás,Centro Oeste,-16.297101,-49.089499
52,Goiás,GO,5204904,Campos Belos,Centro Oeste,-13.034984,-46.768112
52,Goiás,GO,5204953,Campos Verdes,Centro Oeste,-14.270906,-49.65746
52,Goiás,GO,5205000,Carmo do Rio Verde,Centro Oeste,-15.354914,-49.707975
52,Goiás,GO,5205059,Castelândia,Centro Oeste,-18.089062,-50.220798
52,Goiás,GO,5205109,Catalão,Centro Oeste,-18.170255,-47.944708
52,Goiás,GO,5205208,Caturaí,Centro Oeste,-16.447356,-49.491915
52,Goiás,GO,5205307,Cavalcante,Centro Oeste,-13.792841,-47.456852
52,Goiás,GO,5205406,Ceres,Centro Oeste,-15.310357,-49.603205
52,Goiás,GO,5205455,Cezarina,Centro Oeste,-16.971829,-49.775814
52,Goiás,GO,5205471,Chapadão do Céu,Centro Oeste,-18.395197,-52.667078
52,Goiás,GO,5205497,Cidade Ocidental,Centro Oeste,-16.100076,-47.944501
52,Goiás,GO,5205513,Cocalzinho de Goiás,Centro Oeste,-15.776285,-48.773043
52,Goiás,GO,5205521,Colinas do Sul,Centro Oeste,-14.155593,-48.072996
52,Goiás,GO,5205703,Córrego do Ouro,Centro Oeste,-15.6058433,-50.3273333
52,Goiás,GO,5205802,Corumbá de Goiás,Centro Oeste,-15.926835,-48.807466
52,Goiás,GO,5205901,Corumbaíba,Centro Oeste,-18.134898,-48.564223
52,Goiás,GO,5206206,Cristalina,Centro Oeste,-16.76806,-47.613343
52,Goiás,GO,5206305,Cristianópolis,Centro Oeste,-17.201089,-48.706006
52,Goiás,GO,5206404,Crixás,Centro Oeste,-14.542454,-49.969481
52,Goiás,GO,5206503,Cromínia,Centro Oeste,-17.289198,-49.374965
52,Goiás,GO,5206602,Cumari,Centro Oeste,-18.264437,-48.151134
52,Goiás,GO,5206701,Damianópolis,Centro Oeste,-14.560381,-46.178024
52,Goiás,GO,5206800,Damolândia,Centro Oeste,-16.254832,-49.367528
52,Goiás,GO,5206909,Davinópolis,Centro Oeste,-18.153689,-47.562405
52,Goiás,GO,5207105,Diorama,Centro Oeste,-16.235973,-51.257873
52,Goiás,GO,5207253,Doverlândia,Centro Oeste,-16.7211,-52.31381
52,Goiás,GO,5207352,Edealina,Centro Oeste,-17.423942,-49.664401
52,Goiás,GO,5207402,Edéia,Centro Oeste,-17.340725,-49.929235
52,Goiás,GO,5207501,Estrela do Norte,Centro Oeste,-13.868766,-49.069055
52,Goiás,GO,5207535,Faina,Centro Oeste,-15.4458,-50.363383
52,Goiás,GO,5207600,Fazenda Nova,Centro Oeste,-16.185602,-50.779567
52,Goiás,GO,5207808,Firminópolis,Centro Oeste,-16.575326,-50.301129
52,Goiás,GO,5207907,Flores de Goiás,Centro Oeste,-14.458029,-47.03954
52,Goiás,GO,5208004,Formosa,Centro Oeste,-15.549244,-47.330121
52,Goiás,GO,5208103,Formoso,Centro Oeste,-15.549244,-47.330121
52,Goiás,GO,5208152,Gameleira de Goiás,Centro Oeste,-16.485374,-48.64541
52,Goiás,GO,5208301,Divinópolis de Goiás,Centro Oeste,-13.290591,-46.395074
52,Goiás,GO,5208400,Goianápolis,Centro Oeste,-16.507104,-49.021322
52,Goiás,GO,5208509,Goiandira,Centro Oeste,-18.135516,-48.087163
52,Goiás,GO,5208608,Goianésia,Centro Oeste,-15.311827,-49.1162
52,Goiás,GO,5208707,Goiânia,Centro Oeste,-16.680882,-49.253269
52,Goiás,GO,5208806,Goianira,Centro Oeste,-16.500197,-49.425479
52,Goiás,GO,5208905,Goiás,Centro Oeste,-15.928099,-50.139262
52,Goiás,GO,5209101,Goiatuba,Centro Oeste,-18.015458,-49.364059
52,Goiás,GO,5209150,Gouvelândia,Centro Oeste,-18.442595,-50.136517
52,Goiás,GO,5209200,Guapó,Centro Oeste,-16.83086,-49.534372
52,Goiás,GO,5209291,Guaraíta,Centro Oeste,-15.631809,-50.028881
52,Goiás,GO,5209408,Guarani de Goiás,Centro Oeste,-13.939379,-46.478154
52,Goiás,GO,5209457,Guarinos,Centro Oeste,-14.732353,-49.701394
52,Goiás,GO,5209606,Heitoraí,Centro Oeste,-15.718986,-49.826826
52,Goiás,GO,5209705,Hidrolândia,Centro Oeste,-16.967134,-49.22826
52,Goiás,GO,5209804,Hidrolina,Centro Oeste,-14.722224,-49.469445
52,Goiás,GO,5209903,Iaciara,Centro Oeste,-14.101491,-46.634339
52,Goiás,GO,5209937,Inaciolândia,Centro Oeste,-18.486406,-49.988781
52,Goiás,GO,5209952,Indiara,Centro Oeste,-17.139914249999997,-49.988919499999994
52,Goiás,GO,5210000,Inhumas,Centro Oeste,-16.361057,-49.500111
52,Goiás,GO,5210109,Ipameri,Centro Oeste,-17.721544,-48.158118
52,Goiás,GO,5210158,Ipiranga de Goiás,Centro Oeste,-15.174439,-49.673383
52,Goiás,GO,5210208,Iporá,Centro Oeste,-16.440798,-51.118119
52,Goiás,GO,5210307,Israelândia,Centro Oeste,-16.316522,-50.904632
52,Goiás,GO,5210406,Itaberaí,Centro Oeste,-16.020551,-49.806034
52,Goiás,GO,5210562,Itaguari,Centro Oeste,-15.918044,-49.607084
52,Goiás,GO,5210604,Itaguaru,Centro Oeste,-15.761369,-49.633724
52,Goiás,GO,5210802,Itajá,Centro Oeste,-19.067338,-51.549514
52,Goiás,GO,5210901,Itapaci,Centro Oeste,-14.952235,-49.551122
52,Goiás,GO,5211008,Itapirapuã,Centro Oeste,-15.8205,-50.609434
52,Goiás,GO,5211206,Itapuranga,Centro Oeste,-15.560589,-49.948957
52,Goiás,GO,5211305,Itarumã,Centro Oeste,-18.764553,-51.348516
52,Goiás,GO,5211404,Itauçu,Centro Oeste,-16.203599,-49.605997
52,Goiás,GO,5211503,Itumbiara,Centro Oeste,-18.413586,-49.21726
52,Goiás,GO,5211602,Ivolândia,Centro Oeste,-16.605012,-50.792374
52,Goiás,GO,5211701,Jandaia,Centro Oeste,-17.047973499999998,-50.145338
52,Goiás,GO,5211800,Jaraguá,Centro Oeste,-15.752887,-49.334403
52,Goiás,GO,5211909,Jataí,Centro Oeste,-17.878383,-51.720424
52,Goiás,GO,5212006,Jaupaci,Centro Oeste,-16.184174,-50.952262
52,Goiás,GO,5212055,Jesúpolis,Centro Oeste,-15.954551,-49.3748
52,Goiás,GO,5212105,Joviânia,Centro Oeste,-17.806365,-49.623645
52,Goiás,GO,5212204,Jussara,Centro Oeste,-15.874813,-50.867431
52,Goiás,GO,5212253,Lagoa Santa,Centro Oeste,-19.183354,-51.407754
52,Goiás,GO,5212303,Leopoldo de Bulhões,Centro Oeste,-16.619048,-48.742755
52,Goiás,GO,5212501,Luziânia,Centro Oeste,-16.253546,-47.950028
52,Goiás,GO,5212600,Mairipotaba,Centro Oeste,-17.294969,-49.496091
52,Goiás,GO,5212709,Mambaí,Centro Oeste,-14.497083,-46.111511
52,Goiás,GO,5212808,Mara Rosa,Centro Oeste,-14.014816,-49.177652
52,Goiás,GO,5212907,Marzagão,Centro Oeste,-17.980597,-48.643032
52,Goiás,GO,5212956,Matrinchã,Centro Oeste,-15.435744,-50.749268
52,Goiás,GO,5213004,Maurilândia,Centro Oeste,-17.971859,-50.338836
52,Goiás,GO,5213053,Mimoso de Goiás,Centro Oeste,-15.057545,-48.160228
52,Goiás,GO,5213087,Minaçu,Centro Oeste,-13.533641,-48.218489
52,Goiás,GO,5213103,Mineiros,Centro Oeste,-17.565388,-52.553672
52,Goiás,GO,5213400,Moiporá,Centro Oeste,-16.54483,-50.735293
52,Goiás,GO,5213509,Monte Alegre de Goiás,Centro Oeste,-13.255206,-46.892813
52,Goiás,GO,5213707,Montes Claros de Goiás,Centro Oeste,-16.005946,-51.397878
52,Goiás,GO,5213756,Montividiu,Centro Oeste,-17.450464,-51.173716
52,Goiás,GO,5213772,Montividiu do Norte,Centro Oeste,-13.349,-48.687279
52,Goiás,GO,5213806,Morrinhos,Centro Oeste,-17.733369,-49.105908
52,Goiás,GO,5213855,Morro Agudo de Goiás,Centro Oeste,-15.31843,-50.055281
52,Goiás,GO,5213905,Mossâmedes,Centro Oeste,-16.126375,-50.210439
52,Goiás,GO,5214002,Mozarlândia,Centro Oeste,-14.745705,-50.571321
52,Goiás,GO,5214051,Mundo Novo,Centro Oeste,-13.772943,-50.281378
52,Goiás,GO,5214101,Mutunópolis,Centro Oeste,-13.730338,-49.274549
52,Goiás,GO,5214408,Nazário,Centro Oeste,-16.580769,-49.881671
52,Goiás,GO,5214507,Nerópolis,Centro Oeste,-16.406982,-49.219438
52,Goiás,GO,5214606,Niquelândia,Centro Oeste,-14.464865,-48.457224
52,Goiás,GO,5214705,Nova América,Centro Oeste,-15.020589,-49.895297
52,Goiás,GO,5214804,Nova Aurora,Centro Oeste,-18.059652,-48.255172
52,Goiás,GO,5214838,Nova Crixás,Centro Oeste,-14.096885,-50.339601
52,Goiás,GO,5214861,Nova Glória,Centro Oeste,-15.14818,-49.577239
52,Goiás,GO,5214879,Nova Iguaçu de Goiás,Centro Oeste,-14.286829,-49.387191
52,Goiás,GO,5214903,Nova Roma,Centro Oeste,-13.739332,-46.883161
52,Goiás,GO,5215009,Nova Veneza,Centro Oeste,-16.370907,-49.321206
52,Goiás,GO,5215207,Novo Brasil,Centro Oeste,-16.033715,-50.711212
52,Goiás,GO,5215231,Novo Gama,Centro Oeste,-16.051949,-48.029439
52,Goiás,GO,5215256,Novo Planalto,Centro Oeste,-13.241957,-49.50816
52,Goiás,GO,5215306,Orizona,Centro Oeste,-17.033356,-48.29641
52,Goiás,GO,5215405,Ouro Verde de Goiás,Centro Oeste,-16.218107,-49.194154
52,Goiás,GO,5215504,Ouvidor,Centro Oeste,-18.229617,-47.835154
52,Goiás,GO,5215603,Padre Bernardo,Centro Oeste,-15.167641,-48.284056
52,Goiás,GO,5215652,Palestina de Goiás,Centro Oeste,-16.745665,-51.530084
52,Goiás,GO,5215702,Palmeiras de Goiás,Centro Oeste,-16.810239,-49.923417
52,Goiás,GO,5215801,Palmelo,Centro Oeste,-17.325819,-48.42603
52,Goiás,GO,5215900,Palminópolis,Centro Oeste,-16.788466,-50.165461
52,Goiás,GO,5216007,Panamá,Centro Oeste,-18.175503,-49.352385
52,Goiás,GO,5216304,Paranaiguara,Centro Oeste,-18.913705,-50.653631
52,Goiás,GO,5216403,Paraúna,Centro Oeste,-16.949594,-50.447301
52,Goiás,GO,5216452,Perolândia,Centro Oeste,-17.526938,-52.062455
52,Goiás,GO,5216809,Petrolina de Goiás,Centro Oeste,-16.100578,-49.335907
52,Goiás,GO,5216908,Pilar de Goiás,Centro Oeste,-14.762808,-49.579729
52,Goiás,GO,5217104,Piracanjuba,Centro Oeste,-17.302038,-49.01701
52,Goiás,GO,5217203,Piranhas,Centro Oeste,-16.425249,-51.823143
52,Goiás,GO,5217302,Pirenópolis,Centro Oeste,-15.850162,-48.957317
52,Goiás,GO,5217401,Pires do Rio,Centro Oeste,-17.300628,-48.279304
52,Goiás,GO,5217609,Planaltina,Centro Oeste,-15.457154,-47.608902
52,Goiás,GO,5217708,Pontalina,Centro Oeste,-17.514433,-49.444969
52,Goiás,GO,5218003,Porangatu,Centro Oeste,-13.444663,-49.142357
52,Goiás,GO,5218052,Porteirão,Centro Oeste,-17.813994,-50.165341
52,Goiás,GO,5218102,Portelândia,Centro Oeste,-17.357309,-52.677788
52,Goiás,GO,5218300,Posse,Centro Oeste,-14.083585,-46.356319
52,Goiás,GO,5218391,Professor Jamil,Centro Oeste,-17.25316,-49.244245
52,Goiás,GO,5218508,Quirinópolis,Centro Oeste,-18.447186,-50.454698
52,Goiás,GO,5218607,Rialma,Centro Oeste,-15.314482,-49.581399
52,Goiás,GO,5218706,Rianápolis,Centro Oeste,-15.447921,-49.510205
52,Goiás,GO,5218789,Rio Quente,Centro Oeste,-17.806717,-48.764823
52,Goiás,GO,5218805,Rio Verde,Centro Oeste,-17.792125,-50.919122
52,Goiás,GO,5218904,Rubiataba,Centro Oeste,-15.162979,-49.80051
52,Goiás,GO,5219001,Sanclerlândia,Centro Oeste,-16.199316,-50.309374
52,Goiás,GO,5219100,Santa Bárbara de Goiás,Centro Oeste,-16.577912,-49.698227
52,Goiás,GO,5219209,Santa Cruz de Goiás,Centro Oeste,-17.315512,-48.48095
52,Goiás,GO,5219258,Santa Fé de Goiás,Centro Oeste,-15.770593,-51.10182
52,Goiás,GO,5219308,Santa Helena de Goiás,Centro Oeste,-17.81152,-50.597664
52,Goiás,GO,5219357,Santa Isabel,Centro Oeste,-15.30004,-49.427137
52,Goiás,GO,5219407,Santa Rita do Araguaia,Centro Oeste,-17.32691,-53.201236
52,Goiás,GO,5219456,Santa Rita do Novo Destino,Centro Oeste,-15.135072,-49.120254
52,Goiás,GO,5219506,Santa Rosa de Goiás,Centro Oeste,-16.083983,-49.495326
52,Goiás,GO,5219605,Santa Tereza de Goiás,Centro Oeste,-13.713116,-49.016436
52,Goiás,GO,5219704,Santa Terezinha de Goiás,Centro Oeste,-14.4361,-49.709292
52,Goiás,GO,5219712,Santo Antônio da Barra,Centro Oeste,-17.558499,-50.634543
52,Goiás,GO,5219738,Santo Antônio de Goiás,Centro Oeste,-16.486172,-49.309389
52,Goiás,GO,5219753,Santo Antônio do Descoberto,Centro Oeste,-15.946541,-48.261653
52,Goiás,GO,5219803,São Domingos,Centro Oeste,-13.399877,-46.321796
52,Goiás,GO,5219902,São Francisco de Goiás,Centro Oeste,-15.933428,-49.260833
52,Goiás,GO,5220009,São João d'Aliança,Centro Oeste,-14.704345,-47.520687
52,Goiás,GO,5220058,São João da Paraúna,Centro Oeste,-16.816145,-50.408197
52,Goiás,GO,5220108,São Luís de Montes Belos,Centro Oeste,-16.521064,-50.372628
52,Goiás,GO,5220157,São Luiz do Norte,Centro Oeste,-14.862046,-49.332083
52,Goiás,GO,5220207,São Miguel do Araguaia,Centro Oeste,-13.272644,-50.162722
52,Goiás,GO,5220264,São Miguel do Passa Quatro,Centro Oeste,-17.058201,-48.661981
52,Goiás,GO,5220280,São Patrício,Centro Oeste,-15.349263,-49.819299
52,Goiás,GO,5220405,São Simão,Centro Oeste,-18.99413,-50.546822
52,Goiás,GO,5220454,Senador Canedo,Centro Oeste,-16.701323,-49.091492
52,Goiás,GO,5220504,Serranópolis,Centro Oeste,-18.308456,-51.956946
52,Goiás,GO,5220603,Silvânia,Centro Oeste,-16.659972,-48.608326
52,Goiás,GO,5220686,Simolândia,Centro Oeste,-14.473331,-46.483279
52,Goiás,GO,5220702,Sítio d'Abadia,Centro Oeste,-14.804993,-46.254419
52,Goiás,GO,5221007,Taquaral de Goiás,Centro Oeste,-16.052057,-49.603859
52,Goiás,GO,5221080,Teresina de Goiás,Centro Oeste,-13.778957,-47.266894
52,Goiás,GO,5221197,Terezópolis de Goiás,Centro Oeste,-16.483786,-49.09493
52,Goiás,GO,5221304,Três Ranchos,Centro Oeste,-18.353897,-47.775977
52,Goiás,GO,5221403,Trindade,Centro Oeste,-16.654992,-49.48762
52,Goiás,GO,5221452,Trombas,Centro Oeste,-13.50789,-48.74171
52,Goiás,GO,5221502,Turvânia,Centro Oeste,-16.612013,-50.135208
52,Goiás,GO,5221551,Turvelândia,Centro Oeste,-17.851052,-50.305168
52,Goiás,GO,5221577,Uirapuru,Centro Oeste,-14.28425,-49.9196
52,Goiás,GO,5221601,Uruaçu,Centro Oeste,-14.524416,-49.151002
52,Goiás,GO,5221700,Uruana,Centro Oeste,-15.499891,-49.687017
52,Goiás,GO,5221809,Urutaí,Centro Oeste,-17.464063,-48.202107
52,Goiás,GO,5221858,Valparaíso de Goiás,Centro Oeste,-16.068639,-47.976491
52,Goiás,GO,5221908,Varjão,Centro Oeste,-17.045397,-49.632599
52,Goiás,GO,5222005,Vianópolis,Centro Oeste,-16.747587,-48.513174
52,Goiás,GO,5222054,Vicentinópolis,Centro Oeste,-17.735369,-49.804053
52,Goiás,GO,5222203,Vila Boa,Centro Oeste,-15.035775,-47.056144
52,Goiás,GO,5222302,Vila Propício,Centro Oeste,-15.455843,-48.885502
53,Distrito Federal,DF,5300108,Brasília,Centro Oeste,-15.793404,-47.882317
